timestamp,Value
1.001,5.97
1.009,22.28
1.017,50.63
1.025,70.91
1.033,54.22
1.041,-3.69
1.049,-69.47
1.057,-98.84
1.065,-74.34
1.073,-17.59
1.081,31.56
1.089,46.81
1.097,30.12
1.113,2.81
1.113,-14.56
1.129,-14.0
1.137,-0.69
1.145,13.28
1.153,18.87
1.161,15.22
1.169,7.28
1.169,0.91
1.185,-1.19
1.185,0.16
1.193,2.03
1.201,2.59
1.211,2.22
1.218,2.34
1.225,3.44
1.233,4.5
1.241,4.5
1.249,3.59
1.257,1.81
1.266,-2.13
1.274,-9.25
1.282,-17.34
1.29,-22.59
1.298,-22.12
1.314,-16.69
1.322,-9.66
1.33,-5.19
1.33,-4.19
1.346,-4.5
1.354,-3.75
1.354,-2.13
1.362,-0.88
1.37,0.12
1.378,1.75
1.386,3.28
1.394,3.06
1.402,0.78
1.41,-1.78
1.418,-2.88
1.426,-2.16
1.434,-0.25
1.442,1.53
1.45,1.84
1.458,0.28
1.466,-1.66
1.474,-2.56
1.482,-2.06
1.498,-0.28
1.506,3.28
1.514,7.56
1.522,10.22
1.53,9.88
1.538,7.41
1.538,5.44
1.554,5.16
1.562,5.44
1.562,4.31
1.57,1.37
1.578,-2.56
1.586,-5.75
1.594,-6.78
1.61,-5.72
1.618,-3.91
1.618,-2.81
1.626,-2.41
1.634,-2.06
1.65,-1.63
1.658,-1.34
1.658,-0.94
1.674,4.06
1.682,20.87
1.69,48.81
1.698,68.09
1.706,51.69
1.714,-4.63
1.722,-68.91
1.722,-98.66
1.731,-76.41
1.741,-22.53
1.748,25.28
1.756,41.78
1.764,28.22
1.772,4.41
1.78,-9.19
1.788,-5.25
1.796,8.97
1.804,20.94
1.812,23.09
1.82,17.0
1.828,8.97
1.836,4.16
1.844,3.66
1.852,5.69
1.86,8.0
1.868,9.09
1.876,8.25
1.884,6.72
1.892,6.0
1.9,6.53
1.916,6.16
1.916,2.31
1.932,-4.81
1.932,-11.44
1.948,-14.69
1.948,-14.78
1.956,-14.25
1.964,-14.88
1.972,-16.5
1.98,-16.84
1.988,-14.44
1.996,-9.94
2.004,-5.38
2.012,-2.16
2.02,-1.19
2.028,-2.88
2.044,-5.69
2.044,-7.22
2.052,-5.41
2.06,-1.12
2.068,2.22
2.084,1.53
2.084,-1.53
2.1,-2.72
2.1,-0.06
2.108,4.38
2.116,7.22
2.124,6.84
2.132,4.59
2.14,3.47
2.148,5.78
2.156,10.63
2.164,13.84
2.172,12.72
2.18,8.44
2.188,4.75
2.196,3.78
2.204,5.59
2.212,9.16
2.22,11.91
2.236,10.94
2.236,5.69
2.244,-1.19
2.26,-5.25
2.262,-5.09
2.275,-3.13
2.283,-1.84
2.291,-1.03
2.291,1.5
2.307,5.97
2.315,9.47
2.315,9.66
2.323,8.84
2.331,15.16
2.339,34.41
2.347,56.03
2.363,54.56
2.363,14.53
2.371,-45.84
2.387,-86.22
2.387,-79.44
2.403,-33.91
2.411,16.66
2.419,41.56
2.427,33.94
2.435,9.13
2.443,-11.44
2.451,-15.97
2.459,-6.56
2.467,6.75
2.475,15.03
2.483,14.72
2.491,9.38
2.499,4.47
2.507,3.31
2.515,5.16
2.515,6.78
2.523,6.03
2.531,4.0
2.539,3.47
2.547,5.56
2.555,8.03
2.571,8.16
2.579,4.66
2.587,-1.81
2.595,-8.97
2.603,-15.09
2.611,-20.03
2.619,-23.59
2.627,-24.97
2.635,-23.62
2.643,-18.97
2.651,-12.09
2.659,-5.81
2.659,-2.66
2.667,-3.06
2.675,-4.91
2.691,-6.09
2.691,-5.31
2.699,-2.47
2.707,0.41
2.715,1.19
2.723,-0.28
2.731,-1.03
2.739,0.69
2.755,3.94
2.763,6.22
2.771,6.31
2.78,4.69
2.788,2.56
2.795,0.97
2.803,0.53
2.811,1.59
2.819,4.13
2.827,7.84
2.835,10.81
2.843,10.72
2.851,7.25
2.851,2.97
2.867,1.22
2.867,2.69
2.875,4.47
2.883,3.94
2.891,1.41
2.899,-1.28
2.907,-2.31
2.923,-1.91
2.931,-0.5
2.939,0.84
2.947,1.34
2.955,0.88
2.963,0.34
2.971,0.5
2.979,1.47
2.987,5.81
2.995,20.75
3.003,47.09
3.011,65.62
3.019,48.31
3.027,-7.47
3.035,-67.87
3.043,-91.41
3.051,-64.94
3.059,-11.0
3.075,33.03
3.083,43.75
3.091,24.66
3.091,-2.03
3.099,-15.78
3.107,-11.03
3.115,3.44
3.123,14.84
3.131,16.62
3.139,10.84
3.147,4.03
3.155,1.5
3.163,3.78
3.171,7.78
3.179,9.97
3.187,9.53
3.195,7.25
3.203,4.88
3.211,3.72
3.219,3.53
3.227,2.69
3.235,-0.56
3.243,-7.47
3.251,-17.25
3.259,-27.31
3.267,-33.47
3.275,-32.09
3.283,-22.81
3.291,-10.19
3.307,-0.94
3.32,0.81
3.32,-2.97
3.322,-7.31
3.33,-8.59
3.338,-5.81
3.346,-0.41
3.354,4.53
3.362,6.06
3.37,4.53
3.378,2.47
3.386,2.09
3.394,3.16
3.402,3.94
3.41,4.16
3.418,4.63
3.426,6.5
3.434,9.75
3.442,13.41
3.466,14.44
3.466,10.78
3.466,4.22
3.474,-1.47
3.482,-3.56
3.49,-1.69
3.498,3.03
3.506,8.06
3.514,11.38
3.522,12.44
3.53,11.19
3.538,8.16
3.546,4.81
3.554,2.28
3.562,0.37
3.57,-0.94
3.578,-1.5
3.586,-1.12
3.594,-0.53
3.602,0.37
3.61,1.84
3.618,3.34
3.626,3.72
3.634,2.59
3.642,2.28
3.65,9.84
3.658,30.19
3.666,52.66
3.674,50.22
3.682,8.25
3.69,-52.22
3.698,-89.97
3.706,-80.19
3.714,-33.44
3.722,16.12
3.73,39.31
3.738,30.94
3.746,6.94
3.754,-12.22
3.762,-15.75
3.77,-6.34
3.778,6.41
3.794,14.28
3.794,14.09
3.802,7.59
3.81,0.31
3.818,-2.88
3.827,-0.63
3.835,4.16
3.84,7.34
3.85,6.56
3.858,3.09
3.866,-0.03
3.874,-1.44
3.882,-1.91
3.89,-2.72
3.898,-4.56
3.906,-7.63
3.914,-11.78
3.922,-16.41
3.93,-19.97
3.938,-19.87
3.946,-15.47
3.954,-9.56
3.962,-5.78
3.97,-4.84
3.978,-4.72
3.986,-3.34
3.994,-1.06
4.002,0.41
4.01,0.12
4.018,-0.94
4.026,-1.44
4.034,-0.81
4.042,0.69
4.05,2.31
4.058,3.44
4.066,3.81
4.074,4.09
4.082,4.53
4.09,4.72
4.098,4.94
4.106,4.88
4.114,4.28
4.13,3.44
4.138,3.66
4.146,5.34
4.154,7.09
4.154,7.03
4.162,4.34
4.17,0.5
4.186,-1.34
4.194,0.56
4.202,4.94
4.202,8.06
4.21,7.0
4.218,2.81
4.226,-1.09
4.242,-2.28
4.242,-0.59
4.25,2.5
4.258,4.94
4.266,5.09
4.274,2.53
4.282,-1.5
4.29,-4.34
4.298,-3.19
4.306,3.75
4.314,17.97
4.322,40.75
4.33,64.66
4.338,68.47
4.346,33.28
4.354,-29.44
4.365,-80.25
4.373,-85.56
4.418,-45.81
4.426,8.28
4.426,41.91
4.426,40.97
4.426,16.66
4.426,-8.16
4.426,-17.34
4.434,-9.28
4.442,6.0
4.45,16.12
4.458,14.75
4.466,5.63
4.474,-2.09
4.482,-3.03
4.49,1.59
4.498,7.5
4.506,11.16
4.514,11.31
4.522,8.38
4.53,4.19
4.538,0.84
4.546,-1.41
4.554,-3.66
4.562,-6.47
4.57,-9.34
4.578,-11.75
4.586,-14.03
4.594,-16.62
4.602,-18.97
4.61,-19.97
4.618,-18.12
4.626,-13.16
4.634,-6.53
4.642,-1.12
4.65,1.91
4.658,2.47
4.668,1.47
4.675,-0.91
4.683,-3.81
4.691,-6.28
4.699,-7.34
4.707,-6.78
4.715,-4.53
4.723,-1.53
4.731,1.37
4.739,3.81
4.747,5.5
4.755,6.13
4.763,5.5
4.771,3.94
4.779,2.03
4.787,0.5
4.795,0.12
4.803,1.25
4.811,3.63
4.819,6.25
4.827,7.47
4.835,6.34
4.843,3.06
4.851,-0.28
4.859,-0.75
4.867,2.63
4.875,6.53
4.884,6.0
4.895,0.03
4.903,-7.53
4.911,-11.28
4.911,-9.13
4.919,-4.19
4.935,-1.16
4.943,-1.72
4.951,-4.22
4.951,-6.13
4.967,-6.0
4.975,-4.09
4.983,0.28
4.991,11.5
4.999,33.66
5.007,58.78
5.015,62.44
5.023,25.44
5.031,-39.13
5.039,-90.69
5.047,-95.34
5.055,-53.56
5.063,3.44
5.071,39.81
5.079,40.69
5.087,17.97
5.095,-4.03
5.095,-9.88
5.111,-0.44
5.119,13.09
5.127,20.44
5.135,18.78
5.135,11.84
5.151,5.59
5.159,3.69
5.167,5.78
5.175,9.5
5.183,12.44
5.191,13.34
5.199,12.19
5.207,9.22
5.215,5.28
5.223,1.97
5.231,0.0
5.239,-1.94
5.247,-5.56
5.255,-10.75
5.263,-15.41
5.271,-17.72
5.279,-17.84
5.287,-16.09
5.287,-12.31
5.295,-6.97
5.311,-2.66
5.311,-2.28
5.319,-5.0
5.335,-6.63
5.343,-3.88
5.351,1.88
5.359,6.94
5.367,8.59
5.375,7.19
5.383,5.28
5.391,5.22
5.399,6.38
5.408,6.75
5.416,5.06
5.419,1.88
5.428,-0.94
5.436,-1.63
5.444,1.19
5.452,6.72
5.46,11.84
5.468,13.25
5.476,10.38
5.484,6.03
5.492,3.41
5.5,3.44
5.508,4.88
5.516,5.72
5.524,5.69
5.532,5.81
5.54,6.41
5.548,5.94
5.556,3.06
5.564,-1.53
5.572,-5.41
5.58,-6.06
5.588,-3.59
5.596,0.28
5.604,3.59
5.612,4.81
5.62,4.47
5.628,3.72
5.636,3.44
5.644,4.97
5.652,13.03
5.66,32.84
5.668,56.31
5.676,58.34
5.684,20.59
5.692,-41.91
5.7,-87.59
5.708,-85.69
5.716,-41.72
5.724,10.5
5.732,38.34
5.74,32.5
5.748,8.34
5.756,-11.53
5.764,-14.28
5.772,-2.72
5.78,11.0
5.788,16.19
5.796,10.06
5.804,-1.47
5.812,-8.91
5.82,-7.75
5.828,-0.69
5.836,6.28
5.844,10.31
5.852,12.06
5.86,13.22
5.868,13.34
5.876,10.78
5.884,5.0
5.892,-1.63
5.9,-5.72
5.908,-6.56
5.916,-7.72
5.924,-12.09
5.934,-18.66
5.944,-22.97
5.953,-21.84
5.961,-15.69
5.969,-7.81
5.977,-2.56
5.985,-1.94
5.993,-4.5
6.001,-7.16
6.009,-7.06
6.017,-3.72
6.025,1.09
6.033,3.88
6.041,2.84
6.041,-0.97
6.049,-4.44
6.065,-3.88
6.065,0.94
6.081,6.56
6.088,8.59
6.096,6.09
6.104,1.69
6.112,0.03
6.12,2.97
6.128,7.81
6.136,10.16
6.144,7.91
6.152,3.88
6.161,2.75
6.168,5.81
6.176,10.09
6.185,12.09
6.192,10.44
6.2,6.75
6.208,2.91
6.217,-0.37
6.225,-3.13
6.225,-4.75
6.241,-4.97
6.249,-4.03
6.249,-2.81
6.265,-2.38
6.273,-3.13
6.281,-3.38
6.289,-2.16
6.297,1.0
6.305,8.13
6.313,24.03
6.321,47.91
6.329,62.53
6.337,43.75
6.345,-10.72
6.353,-69.75
6.361,-94.12
6.369,-69.56
6.377,-16.28
6.385,29.5
6.393,43.31
6.401,26.22
6.409,-2.06
6.417,-19.81
6.425,-17.66
6.425,-2.41
6.441,11.81
6.449,15.63
6.457,9.47
6.466,0.66
6.473,-3.94
6.481,-1.81
6.489,4.66
6.497,10.63
6.505,12.69
6.513,10.09
6.521,5.25
6.529,1.19
6.537,-0.47
6.545,0.0
6.553,0.59
6.561,-1.28
6.569,-6.59
6.577,-13.44
6.585,-18.37
6.593,-19.19
6.601,-16.09
6.601,-11.31
6.617,-7.16
6.625,-5.0
6.633,-3.88
6.641,-1.66
6.649,2.56
6.657,7.06
6.665,9.16
6.673,7.72
6.681,4.13
6.689,1.09
6.697,0.47
6.705,1.37
6.713,1.88
6.721,1.84
6.729,2.38
6.737,4.72
6.745,7.47
6.753,8.97
6.761,7.97
6.769,4.88
6.777,2.13
6.785,1.47
6.793,2.25
6.793,2.41
6.809,1.66
6.817,1.63
6.825,3.44
6.833,6.84
6.841,9.59
6.849,9.13
6.857,4.75
6.865,-0.97
6.873,-5.47
6.881,-7.38
6.889,-6.53
6.897,-3.44
6.905,0.0
6.913,1.84
6.921,1.94
6.929,1.44
6.937,1.72
6.945,3.06
6.953,5.69
6.961,13.16
6.969,30.97
6.977,53.66
6.985,58.19
6.994,24.44
6.995,-37.13
7.011,-87.22
7.015,-91.44
7.023,-49.16
7.031,7.88
7.039,42.84
7.047,40.38
7.055,14.22
7.063,-10.09
7.071,-16.28
7.079,-6.56
7.087,6.28
7.095,11.88
7.103,8.44
7.111,0.88
7.119,-4.34
7.127,-3.69
7.135,1.25
7.143,6.25
7.151,8.78
7.167,9.03
7.167,8.91
7.175,9.5
7.183,9.75
7.191,8.34
7.199,4.88
7.207,0.44
7.215,-4.31
7.223,-9.84
7.231,-16.16
7.239,-21.84
7.247,-24.31
7.255,-21.84
7.263,-15.06
7.271,-7.0
7.279,-1.03
7.287,1.78
7.295,2.28
7.303,1.72
7.311,0.78
7.319,-0.06
7.327,-0.31
7.335,0.66
7.343,2.59
7.351,4.66
7.359,5.59
7.367,4.53
7.375,1.91
7.383,0.66
7.391,3.34
7.399,8.38
7.407,11.19
7.415,9.03
7.423,3.91
7.431,-0.34
7.439,-1.72
7.447,-1.09
7.455,-0.34
7.463,-0.5
7.471,-1.25
7.479,-1.37
7.487,0.75
7.495,5.56
7.503,10.34
7.511,10.78
7.526,5.69
7.534,-2.13
7.538,-7.75
7.546,-8.38
7.554,-5.63
7.562,-3.16
7.57,-2.81
7.578,-4.09
7.586,-4.09
7.594,-0.88
7.602,4.0
7.61,6.63
7.618,8.41
7.626,17.5
7.634,38.78
7.642,59.59
7.65,52.63
7.658,5.31
7.666,-58.03
7.674,-95.19
7.682,-82.28
7.69,-32.22
7.698,19.41
7.706,42.88
7.714,33.38
7.722,7.56
7.73,-12.56
7.738,-14.53
7.746,-1.44
7.754,13.78
7.762,20.09
7.77,15.72
7.778,6.34
7.786,-0.97
7.794,-2.81
7.802,0.59
7.81,6.16
7.818,10.13
7.826,10.63
7.834,8.53
7.842,6.0
7.85,4.28
7.858,2.94
7.866,1.09
7.874,-1.63
7.882,-5.03
7.89,-8.88
7.898,-13.06
7.906,-16.91
7.914,-19.22
7.922,-19.44
7.93,-17.41
7.938,-12.31
7.946,-4.03
7.954,4.34
7.962,7.66
7.97,4.31
7.978,-1.19
7.986,-2.84
7.994,0.81
8.002,6.28
8.01,9.25
8.018,8.28
8.026,5.5
8.034,3.94
8.043,4.81
8.05,6.5
8.058,6.75
8.066,4.34
8.074,0.53
8.082,-2.47
8.09,-2.59
8.098,0.25
8.106,4.31
8.114,6.72
8.122,6.03
8.13,2.59
8.138,-0.37
8.146,0.0
8.154,3.56
8.162,7.0
8.17,7.69
8.178,5.53
8.186,2.63
8.194,-0.34
8.202,-4.16
8.21,-8.41
8.218,-10.66
8.226,-9.09
8.234,-4.84
8.242,0.37
8.25,4.81
8.258,6.84
8.266,6.28
8.274,4.25
8.282,1.56
8.29,1.5
8.298,11.91
8.306,37.19
8.314,63.13
8.322,60.28
8.33,14.03
8.338,-52.38
8.346,-94.31
8.354,-84.19
8.362,-33.34
8.37,21.53
8.378,48.34
8.386,41.31
8.394,16.62
8.402,-3.88
8.41,-9.0
8.418,-1.56
8.426,8.25
8.434,11.63
8.442,7.44
8.45,0.59
8.458,-2.28
8.466,1.72
8.474,9.41
8.482,14.63
8.49,14.78
8.498,11.72
8.506,9.06
8.514,8.31
8.522,8.13
8.53,6.25
8.538,2.03
8.546,-3.72
8.554,-9.97
8.564,-16.12
8.575,-21.72
8.582,-25.16
8.59,-24.41
8.598,-19.34
8.606,-12.72
8.614,-7.0
8.622,-3.03
8.63,-1.28
8.638,-1.63
8.646,-2.19
8.654,-0.37
8.662,3.84
8.662,7.41
8.67,7.66
8.678,5.16
8.694,2.16
8.702,0.31
8.71,0.63
8.718,2.03
8.726,1.72
8.734,-1.69
8.742,-5.59
8.75,-6.16
8.758,-3.31
8.766,-0.09
8.774,0.78
8.782,-0.06
8.79,-0.5
8.798,0.53
8.806,2.47
8.814,4.44
8.822,5.53
8.83,5.47
8.838,4.34
8.847,3.25
8.855,2.81
8.855,2.91
8.863,3.13
8.871,2.94
8.887,1.47
8.887,-2.09
8.895,-6.03
8.911,-6.88
8.919,-3.25
8.927,2.25
8.935,6.0
8.943,6.63
8.951,5.22
8.959,3.38
8.967,5.06
8.975,17.56
8.983,42.72
8.991,64.41
8.999,54.34
9.007,4.44
9.015,-56.66
9.023,-86.69
9.031,-67.34
9.039,-16.81
9.039,28.34
9.047,43.03
9.055,28.66
9.071,4.59
9.071,-10.19
9.087,-9.56
9.095,0.25
9.103,9.13
9.113,10.59
9.116,5.25
9.124,-1.75
9.132,-4.72
9.14,-1.56
9.148,4.75
9.156,9.25
9.164,9.94
9.172,8.09
9.18,6.0
9.188,4.47
9.196,3.5
9.204,2.59
9.212,1.22
9.22,-1.41
9.228,-6.38
9.236,-13.81
9.244,-21.53
9.252,-25.62
9.26,-23.28
9.268,-15.69
9.276,-7.81
9.284,-3.84
9.292,-4.13
9.3,-5.0
9.308,-3.69
9.316,-0.28
9.324,2.63
9.332,3.28
9.34,2.03
9.348,-0.03
9.356,-1.53
9.364,-1.41
9.372,0.75
9.38,3.94
9.388,5.88
9.396,4.69
9.404,1.0
9.412,-2.66
9.42,-3.75
9.428,-1.75
9.436,1.75
9.444,4.5
9.452,5.66
9.46,5.81
9.468,6.34
9.476,7.16
9.484,7.94
9.492,8.47
9.5,8.72
9.508,8.66
9.516,8.13
9.524,6.84
9.532,3.41
9.54,-2.19
9.548,-7.41
9.556,-8.53
9.564,-4.56
9.572,2.19
9.58,7.53
9.588,8.34
9.596,4.88
9.604,0.44
9.612,-0.25
9.62,6.91
9.629,25.72
9.641,52.75
9.642,67.94
9.651,45.53
9.659,-14.84
9.667,-77.87
9.675,-100.75
9.683,-70.81
9.691,-13.25
9.699,32.59
9.715,42.94
9.715,21.81
9.723,-7.66
9.739,-23.5
9.739,-19.06
9.747,-3.31
9.763,9.91
9.771,12.94
9.779,7.72
9.787,1.0
9.787,-1.66
9.795,0.56
9.803,4.91
9.811,8.28
9.819,9.28
9.827,8.66
9.835,8.19
9.843,8.25
9.851,7.56
9.859,4.75
9.869,0.03
9.875,-5.41
9.883,-10.44
9.891,-14.84
9.899,-17.44
9.907,-17.16
9.915,-14.31
9.923,-10.5
9.939,-7.34
9.939,-4.88
9.947,-3.19
9.963,-2.69
9.971,-3.03
9.979,-2.94
9.979,-1.5
9.987,0.44
9.995,1.81
10.003,3.31
10.011,6.16
10.019,9.5
10.027,10.72
10.035,8.06
10.043,3.75
10.051,1.78
10.059,4.06
10.067,8.28
10.075,10.47
10.091,8.59
10.091,4.5
10.099,1.5
10.115,1.88
10.123,5.41
10.131,10.81
10.139,15.25
10.147,16.47
10.155,13.88
10.163,9.38
10.167,5.75
10.175,3.81
10.183,2.34
10.191,0.12
10.199,-3.16
10.207,-6.28
10.215,-7.16
10.223,-5.0
10.231,-1.47
10.239,0.97
10.247,0.72
10.255,-1.28
10.263,-3.13
10.271,-2.97
10.279,0.78
10.287,11.84
10.295,33.09
10.303,54.28
10.311,50.53
10.319,7.41
10.327,-54.44
10.335,-92.94
10.343,-82.66
10.351,-35.59
10.359,12.56
10.367,33.09
10.375,22.78
10.383,-0.47
10.391,-15.34
10.399,-13.31
10.407,-1.63
10.415,8.13
10.423,9.72
10.431,5.88
10.439,2.09
10.447,1.94
10.455,5.25
10.463,9.47
10.471,11.84
10.479,11.09
10.487,7.91
10.495,5.31
10.503,5.34
10.511,6.81
10.519,6.22
10.527,1.97
10.535,-5.13
10.543,-12.56
10.551,-17.31
10.559,-18.28
10.567,-16.22
10.575,-12.47
10.583,-8.13
10.591,-4.94
10.599,-3.53
10.607,-2.66
10.615,-0.81
10.623,2.09
10.631,3.84
10.639,2.66
10.647,-0.63
10.655,-2.09
10.663,0.28
10.671,4.66
10.679,7.94
10.687,8.41
10.7,6.97
10.709,5.44
10.717,5.03
10.725,5.69
10.733,6.69
10.733,7.19
10.741,6.44
10.749,2.94
10.757,-2.38
10.765,-6.0
10.773,-4.75
10.781,0.69
10.789,5.28
10.797,4.84
10.805,0.69
10.813,-1.34
10.821,1.91
10.829,7.56
10.837,10.53
10.845,8.22
10.853,1.94
10.869,-4.53
10.877,-9.06
10.885,-11.19
10.893,-10.53
10.901,-7.63
10.909,-4.34
10.917,-2.31
10.917,-1.09
10.925,0.47
10.933,2.72
10.941,5.0
10.949,7.19
10.957,13.56
10.965,31.0
10.973,55.31
10.981,63.44
10.989,31.81
10.997,-31.25
11.013,-85.78
11.013,-94.16
11.021,-53.69
11.037,3.56
11.045,39.22
11.053,38.25
11.061,13.81
11.069,-9.31
11.077,-15.03
11.085,-4.66
11.092,9.47
11.101,16.03
11.109,12.13
11.116,2.84
11.116,-3.44
11.125,-1.06
11.133,8.91
11.14,18.87
11.149,21.81
11.164,17.56
11.164,11.31
11.173,8.34
11.188,9.13
11.188,8.78
11.197,2.97
11.212,-7.53
11.221,-17.81
11.229,-24.37
11.239,-26.97
11.244,-26.5
11.252,-22.97
11.26,-16.62
11.268,-9.41
11.276,-4.28
11.284,-2.59
11.292,-2.84
11.3,-2.81
11.308,-2.03
11.316,-1.81
11.316,-2.56
11.324,-3.41
11.34,-1.91
11.34,2.16
11.356,6.0
11.364,6.13
11.372,2.25
11.38,-2.16
11.388,-3.19
11.396,0.22
11.404,5.91
11.412,10.91
11.42,12.63
11.428,10.16
11.436,4.94
11.444,-0.09
11.452,-2.44
11.46,-2.0
11.468,-0.63
11.476,-0.41
11.476,-1.37
11.492,-0.84
11.5,2.19
11.5,6.13
11.516,8.78
11.516,10.19
11.532,10.66
11.54,9.09
11.548,5.34
11.556,0.37
11.564,-4.16
11.572,-6.78
11.58,-6.28
11.588,-2.81
11.596,1.81
11.604,4.81
11.612,4.28
11.62,1.06
11.628,-2.03
11.636,-2.34
11.644,1.63
11.652,13.31
11.66,34.97
11.668,56.41
11.668,53.66
11.676,13.13
11.692,-45.75
11.7,-83.66
11.708,-76.75
11.716,-34.78
11.724,10.66
11.732,33.34
11.74,28.16
11.75,8.25
11.75,-8.31
11.759,-11.09
11.771,-1.06
11.779,12.06
11.787,18.44
11.795,14.44
11.803,4.63
11.811,-2.97
11.819,-3.44
11.827,1.75
11.835,8.16
11.843,12.38
11.851,13.56
11.859,12.72
11.867,11.28
11.875,9.5
11.883,5.88
11.891,0.28
11.899,-5.28
11.907,-9.72
11.915,-13.59
11.923,-16.91
11.931,-18.06
11.939,-16.0
11.947,-12.31
11.955,-9.03
11.963,-7.44
11.971,-7.25
11.979,-7.31
11.987,-6.59
11.995,-5.38
12.003,-3.94
12.011,-2.13
12.019,0.59
12.027,3.81
12.035,5.84
12.043,5.0
12.051,2.66
12.059,2.38
12.067,5.69
12.075,10.0
12.083,11.38
12.091,8.47
12.099,3.28
12.107,-0.56
12.115,-1.0
12.123,1.12
12.131,4.25
12.139,6.22
12.147,5.63
12.155,3.13
12.163,1.97
12.171,4.41
12.179,9.09
12.187,12.63
12.198,12.91
12.204,9.84
12.212,5.19
12.22,0.91
12.22,-2.25
12.228,-4.69
12.244,-6.13
12.252,-6.19
12.26,-5.59
12.268,-5.34
12.276,-5.38
12.285,-5.13
12.293,-3.72
12.296,-0.66
12.305,2.81
12.313,5.75
12.321,11.66
12.329,27.0
12.337,48.16
12.345,53.25
12.353,22.69
12.361,-33.53
12.369,-78.19
12.377,-80.72
12.385,-42.5
12.393,7.47
12.401,37.0
12.417,33.34
12.417,8.75
12.425,-13.97
12.433,-19.41
12.441,-7.63
12.449,9.91
12.457,21.31
12.465,20.75
12.473,10.47
12.481,-1.47
12.489,-6.5
12.497,-1.88
12.505,7.03
12.513,12.88
12.521,11.81
12.529,6.5
12.537,2.44
12.545,2.88
12.553,5.91
12.569,6.94
12.569,3.06
12.577,-4.03
12.593,-10.56
12.601,-14.47
12.601,-16.41
12.609,-17.56
12.617,-17.66
12.625,-15.5
12.633,-11.16
12.641,-5.88
12.649,-1.19
12.657,1.75
12.665,1.81
12.673,0.22
12.681,-0.97
12.689,0.22
12.697,3.13
12.705,5.56
12.713,5.31
12.721,2.41
12.729,-0.56
12.745,-1.37
12.745,-0.09
12.761,1.16
12.769,0.84
12.777,0.0
12.785,0.25
12.793,2.28
12.793,6.28
12.801,10.41
12.81,11.66
12.824,8.69
12.824,3.59
12.834,-0.22
12.842,0.0
12.85,4.06
12.858,8.84
12.866,9.84
12.874,5.28
12.882,-2.09
12.89,-7.75
12.898,-9.28
12.906,-7.84
12.914,-6.13
12.922,-5.13
12.93,-3.44
12.938,-1.19
12.946,0.28
12.954,0.78
12.97,1.59
12.97,3.66
12.978,7.91
12.986,18.75
12.994,38.41
13.002,55.47
13.01,47.31
13.018,4.28
13.026,-51.22
13.034,-81.78
13.042,-68.47
13.05,-24.09
13.058,20.47
13.066,39.81
13.074,29.28
13.082,4.09
13.09,-14.72
13.098,-15.84
13.106,-3.84
13.114,8.81
13.122,12.72
13.138,8.25
13.146,2.91
13.154,2.88
13.162,8.63
13.17,15.56
13.17,18.97
13.178,17.53
13.186,13.5
13.194,9.56
13.202,6.94
13.21,5.59
13.218,4.41
13.226,2.03
13.234,-2.47
13.242,-8.63
13.25,-15.19
13.266,-20.12
13.266,-20.69
13.274,-16.72
13.29,-10.72
13.29,-5.47
13.298,-3.03
13.314,-3.47
13.314,-5.06
13.33,-5.09
13.338,-2.84
13.347,0.25
13.354,2.38
13.354,2.94
13.363,2.03
13.371,0.47
13.379,0.03
13.387,1.56
13.395,3.84
13.403,4.59
13.411,3.16
13.419,0.5
13.427,-1.66
13.435,-2.91
13.443,-2.81
13.451,-0.75
13.459,2.56
13.467,4.28
13.475,1.63
13.491,-4.34
13.491,-8.75
13.499,-8.0
13.515,-3.0
13.515,2.69
13.523,5.78
13.539,5.47
13.539,2.22
13.547,-2.59
13.555,-7.28
13.563,-9.06
13.571,-6.16
13.579,-0.03
13.587,5.75
13.598,7.53
13.604,4.78
13.612,0.66
13.62,-0.47
13.628,3.03
13.636,11.0
13.644,26.81
13.652,50.81
13.66,67.28
13.668,50.44
13.676,-5.03
13.684,-68.62
13.692,-97.47
13.7,-74.22
13.716,-19.81
13.716,26.87
13.724,40.59
13.732,24.66
13.74,0.66
13.748,-11.56
13.756,-6.66
13.764,6.91
13.772,17.44
13.78,19.25
13.788,13.91
13.797,6.91
13.805,2.91
13.813,4.03
13.821,8.38
13.829,11.75
13.837,11.59
13.845,8.94
13.853,6.47
13.861,6.44
13.869,9.0
13.883,10.78
13.889,8.63
13.897,1.91
13.902,-6.78
13.91,-14.28
13.918,-18.62
13.926,-19.37
13.934,-17.66
13.942,-14.53
13.95,-10.72
13.958,-6.91
13.966,-4.34
13.974,-3.28
13.982,-2.88
13.99,-2.28
13.998,-1.47
14.006,-0.12
14.014,2.59
14.022,6.66
14.03,9.63
14.038,9.0
14.046,5.63
14.054,2.97
14.062,3.0
14.07,4.34
14.078,4.56
14.086,2.59
14.094,0.63
14.102,1.5
14.11,4.47
14.118,5.69
14.126,3.16
14.134,-1.34
14.142,-3.72
14.15,-1.84
14.158,2.69
14.166,5.56
14.174,4.03
14.182,-0.06
14.19,-3.78
14.198,-6.09
14.206,-7.5
14.214,-7.78
14.222,-6.5
14.23,-4.28
14.238,-2.84
14.246,-2.38
14.254,-2.0
14.262,-0.88
14.27,0.91
14.278,2.94
14.286,6.25
14.294,15.66
14.302,35.69
14.31,58.03
14.318,59.22
14.326,22.34
14.334,-38.0
14.342,-82.41
14.35,-82.06
14.358,-41.41
14.366,8.91
14.374,37.91
14.382,35.16
14.39,12.91
14.406,-8.59
14.406,-15.72
14.418,-7.75
14.426,6.47
14.432,16.16
14.441,16.47
14.449,9.75
14.457,2.97
14.465,1.59
14.473,5.94
14.481,11.53
14.489,13.72
14.497,11.56
14.505,7.63
14.513,5.41
14.521,5.5
14.529,5.69
14.537,3.38
14.545,-1.94
14.553,-8.66
14.561,-14.81
14.569,-18.72
14.577,-20.41
14.585,-20.53
14.593,-19.09
14.601,-16.66
14.609,-13.5
14.617,-9.22
14.625,-3.03
14.633,3.41
14.641,6.44
14.649,4.75
14.657,0.75
14.665,-2.06
14.665,-1.91
14.681,0.25
14.689,2.53
14.697,4.28
14.705,5.22
14.713,5.13
14.721,3.63
14.729,1.72
14.737,0.88
14.745,1.56
14.753,2.31
14.761,1.56
14.769,-0.12
14.777,-1.09
14.785,0.09
14.793,3.72
14.801,8.06
14.809,10.56
14.817,10.5
14.825,8.41
14.833,5.88
14.841,4.03
14.849,3.0
14.849,2.34
14.865,1.31
14.873,0.12
14.881,-0.69
14.889,-0.88
14.897,-0.37
14.905,0.88
14.913,2.59
14.921,3.97
14.929,4.25
14.937,5.22
14.946,12.78
14.955,32.38
14.964,57.22
14.972,63.78
14.98,31.69
14.988,-29.31
14.996,-81.28
15.004,-90.72
15.012,-55.56
15.02,-3.84
15.028,31.09
15.036,34.09
15.044,14.72
15.044,-5.66
15.052,-12.38
15.068,-5.59
15.068,4.66
15.076,9.06
15.092,5.88
15.092,-0.66
15.1,-4.75
15.116,-3.16
15.124,3.0
15.132,9.66
15.14,12.78
15.148,11.63
15.156,8.84
15.164,7.34
15.172,7.44
15.18,7.16
15.188,4.97
15.196,0.72
15.204,-4.28
15.212,-9.0
15.22,-13.19
15.228,-17.25
15.228,-20.84
15.236,-21.91
15.244,-18.47
15.252,-10.97
15.268,-3.06
15.268,0.5
15.276,-1.81
15.292,-6.81
15.3,-9.34
15.308,-7.34
15.316,-2.47
15.324,1.94
15.332,4.22
15.34,4.91
15.348,4.41
15.356,3.44
15.364,3.38
15.372,4.5
15.38,6.13
15.388,7.06
15.396,7.0
15.404,7.03
15.412,7.5
15.42,8.25
15.42,8.47
15.428,7.09
15.444,3.81
15.444,-0.31
15.452,-3.25
15.468,-4.03
15.468,-3.25
15.484,-1.78
15.487,-0.63
15.495,-0.66
15.503,-2.38
15.511,-5.28
15.519,-7.75
15.527,-7.72
15.535,-4.25
15.543,0.63
15.551,2.69
15.559,0.63
15.567,-2.16
15.575,0.66
15.591,14.13
15.591,38.94
15.599,66.09
15.607,73.06
15.615,40.94
15.623,-20.5
15.631,-73.81
15.639,-85.69
15.647,-52.97
15.655,-2.0
15.663,34.0
15.671,38.56
15.679,18.53
15.687,-5.47
15.695,-15.59
15.703,-8.28
15.711,6.63
15.719,16.44
15.727,15.91
15.735,8.69
15.743,1.41
15.751,-1.97
15.767,-0.47
15.767,4.25
15.775,8.94
15.791,11.13
15.799,10.44
15.799,8.38
15.807,6.25
15.815,4.56
15.823,2.06
15.831,-2.34
15.839,-7.81
15.847,-12.63
15.855,-16.66
15.863,-20.19
15.871,-22.62
15.879,-22.12
15.887,-18.28
15.895,-12.97
15.903,-8.09
15.911,-3.38
15.919,1.34
15.927,4.72
15.943,5.91
15.943,6.03
15.959,6.38
15.967,6.81
15.975,6.53
15.983,5.06
15.983,3.25
15.994,2.25
16.005,2.38
16.013,2.94
16.014,2.69
16.022,2.09
16.03,2.38
16.038,2.97
16.046,2.84
16.054,2.25
16.07,2.34
16.078,3.28
16.086,3.53
16.094,3.0
16.102,4.16
16.11,7.81
16.118,10.25
16.126,6.56
16.134,-2.66
16.142,-11.03
16.15,-12.81
16.158,-7.59
16.166,-0.25
16.166,3.94
16.174,3.09
16.182,-1.25
16.198,-5.69
16.198,-7.38
16.206,-5.09
16.214,1.34
16.222,13.41
16.23,33.53
16.238,55.44
16.254,58.28
16.262,24.78
16.27,-32.75
16.278,-76.69
16.286,-78.19
16.294,-41.47
16.302,3.38
16.31,27.06
16.318,22.31
16.326,3.88
16.334,-8.94
16.342,-8.22
16.35,0.66
16.35,8.53
16.358,11.5
16.366,10.66
16.374,8.16
16.39,5.44
16.39,3.5
16.398,2.5
16.414,2.13
16.422,2.22
16.43,3.72
16.438,7.69
16.446,12.72
16.454,15.91
16.462,15.06
16.47,10.53
16.478,4.09
16.486,-3.16
16.494,-10.75
16.502,-18.31
16.51,-23.94
16.518,-25.03
16.527,-20.53
16.535,-12.09
16.543,-3.88
16.548,0.19
16.556,0.63
16.564,1.44
16.572,4.72
16.58,8.63
16.588,9.34
16.596,5.41
16.604,-0.69
16.612,-4.25
16.62,-3.06
16.628,0.41
16.636,1.78
16.644,-0.22
16.652,-2.44
16.66,-1.66
16.668,0.91
16.676,1.12
16.684,-2.16
16.692,-5.63
16.7,-5.47
16.708,-1.56
16.716,3.53
16.724,7.56
16.732,9.91
16.74,10.53
16.748,9.47
16.756,7.78
16.764,6.5
16.772,6.47
16.78,6.25
16.788,3.19
16.796,-4.09
16.804,-13.38
16.812,-19.09
16.82,-17.75
16.828,-11.31
16.836,-4.09
16.844,1.59
16.852,5.31
16.86,6.56
16.868,4.53
16.876,0.63
16.884,-1.06
16.892,6.81
16.9,29.78
16.908,57.44
16.916,61.81
16.924,23.78
16.932,-39.47
16.94,-84.72
16.948,-81.03
16.956,-35.13
16.964,17.22
16.972,42.56
16.98,32.94
16.988,5.91
16.998,-14.84
17.005,-17.16
17.013,-5.53
17.021,8.63
17.029,15.88
17.037,14.75
17.045,9.81
17.054,6.94
17.06,8.41
17.073,12.31
17.081,15.0
17.089,14.97
17.097,12.78
17.105,10.63
17.105,8.97
17.113,6.16
17.121,0.84
17.129,-5.34
17.137,-9.53
17.145,-11.59
17.153,-13.75
17.161,-17.0
17.169,-19.56
17.177,-18.69
17.193,-14.38
17.193,-8.94
17.201,-5.0
17.217,-4.16
17.225,-5.88
17.233,-7.94
17.241,-8.41
17.249,-6.34
17.257,-1.75
17.265,4.06
17.273,8.31
17.281,8.16
17.289,3.34
17.289,-2.53
17.297,-4.81
17.305,-2.69
17.313,0.28
17.321,1.37
17.329,1.59
17.337,2.88
17.345,5.06
17.353,6.69
17.369,6.66
17.369,5.5
17.377,3.91
17.393,2.72
17.401,2.5
17.409,3.53
17.417,5.56
17.425,7.31
17.433,7.34
17.441,5.28
17.449,2.47
17.457,1.16
17.465,2.0
17.473,3.59
17.481,3.94
17.481,1.69
17.489,-1.97
17.497,-4.25
17.505,-3.06
17.513,0.56
17.521,3.38
17.529,2.75
17.545,-0.97
17.545,-4.38
17.553,-5.06
17.569,-2.41
17.577,5.59
17.585,23.12
17.593,49.53
17.598,67.59
17.606,51.91
17.614,-1.72
17.622,-62.66
17.63,-89.25
17.638,-66.34
17.646,-15.56
17.654,26.66
17.662,38.03
17.67,21.97
17.678,-1.84
17.686,-14.53
17.694,-10.63
17.702,1.84
17.71,12.06
17.718,14.41
17.726,10.47
17.734,5.63
17.742,4.69
17.75,7.91
17.758,11.31
17.766,11.72
17.774,9.31
17.782,6.31
17.79,4.34
17.798,3.81
17.806,4.41
17.814,5.47
17.822,6.09
17.83,3.81
17.838,-3.0
17.846,-12.53
17.854,-20.31
17.862,-23.19
17.87,-21.16
17.878,-15.75
17.886,-9.59
17.894,-5.03
17.902,-3.0
17.91,-2.91
17.918,-3.03
17.926,-2.16
17.934,-0.81
17.942,-1.19
17.95,-3.75
17.958,-6.22
17.966,-5.66
17.974,-1.56
17.982,3.03
17.99,4.69
17.998,2.84
18.006,-0.16
18.014,-2.22
18.022,-2.75
18.03,-2.94
18.038,-3.22
18.046,-2.53
18.054,0.81
18.062,5.03
18.07,5.41
18.078,-0.47
18.086,-7.84
18.094,-10.0
18.103,-4.72
18.11,3.75
18.122,9.88
18.13,10.88
18.138,8.25
18.146,5.31
18.154,3.66
18.162,3.28
18.17,3.5
18.178,3.44
18.186,2.56
18.194,1.25
18.202,0.12
18.21,-0.06
18.218,0.84
18.226,2.34
18.226,3.19
18.242,3.75
18.25,4.66
18.258,6.22
18.266,10.28
18.274,21.19
18.274,41.13
18.29,57.94
18.298,47.84
18.306,1.59
18.314,-56.16
18.322,-87.03
18.33,-72.25
18.338,-26.22
18.346,19.5
18.354,39.53
18.362,29.94
18.37,6.0
18.378,-12.59
18.386,-16.47
18.394,-9.63
18.402,-1.19
18.41,3.75
18.418,5.13
18.418,4.22
18.426,2.41
18.442,1.31
18.442,2.38
18.45,5.75
18.466,10.06
18.466,12.72
18.474,11.88
18.49,7.69
18.498,2.56
18.506,-0.91
18.514,-1.5
18.522,-1.47
18.53,-3.91
18.538,-10.09
18.546,-17.5
18.554,-21.75
18.562,-20.22
18.57,-13.94
18.578,-7.41
18.586,-4.78
18.594,-6.69
18.602,-9.53
18.602,-9.13
18.618,-5.03
18.618,-0.16
18.633,2.47
18.637,2.16
18.645,0.5
18.653,-0.37
18.661,0.69
18.669,3.78
18.677,8.0
18.685,11.75
18.693,12.75
18.701,9.78
18.709,2.56
18.717,-5.84
18.725,-9.88
18.741,-5.69
18.741,4.16
18.749,12.53
18.757,14.56
18.765,9.72
18.773,2.06
18.781,-3.72
18.789,-3.63
18.797,3.34
18.805,13.34
18.813,19.84
18.821,18.44
18.829,10.09
18.837,-0.12
18.845,-7.03
18.853,-8.38
18.861,-5.06
18.869,0.03
18.877,4.47
18.885,7.0
18.893,7.03
18.901,4.59
18.917,1.19
18.917,0.16
18.925,5.66
18.941,21.53
18.941,43.19
18.949,50.84
18.965,23.87
18.965,-31.41
18.981,-79.97
18.981,-88.19
18.989,-52.63
18.997,-0.19
19.005,35.75
19.013,40.06
19.021,20.84
19.029,-1.66
19.037,-11.69
19.045,-6.56
19.053,6.06
19.061,15.31
19.069,14.72
19.077,5.44
19.085,-5.84
19.093,-10.91
19.101,-6.84
19.117,1.28
19.117,6.47
19.125,6.94
19.141,6.44
19.15,7.72
19.158,9.78
19.167,8.91
19.167,3.38
19.175,-4.22
19.183,-9.88
19.191,-12.28
19.199,-11.84
19.207,-9.5
19.215,-7.0
19.223,-6.47
19.231,-9.28
19.239,-14.5
19.247,-18.0
19.255,-15.97
19.263,-8.5
19.271,-0.5
19.279,3.16
19.287,1.25
19.295,-3.13
19.303,-5.56
19.311,-3.34
19.319,2.56
19.327,8.5
19.343,11.97
19.343,12.38
19.351,9.22
19.359,3.06
19.367,-2.53
19.375,-3.38
19.383,1.22
19.391,6.97
19.399,9.34
19.407,7.84
19.415,5.31
19.423,4.94
19.431,7.22
19.439,10.22
19.447,10.13
19.455,4.84
19.463,-2.72
19.471,-7.06
19.479,-5.03
19.487,0.75
19.495,5.16
19.503,4.47
19.511,-0.41
19.519,-5.09
19.527,-4.84
19.543,0.63
19.543,6.44
19.551,8.03
19.559,6.38
19.567,4.06
19.575,1.63
19.583,-0.69
19.591,1.97
19.599,18.91
19.607,50.81
19.615,75.37
19.623,61.09
19.631,2.94
19.639,-64.19
19.647,-95.16
19.655,-73.25
19.673,-20.41
19.673,26.25
19.684,43.03
19.692,31.03
19.698,7.78
19.706,-7.75
19.714,-7.47
19.722,2.66
19.73,11.19
19.738,12.38
19.746,8.56
19.754,3.91
19.762,0.91
19.77,0.31
19.778,1.81
19.786,3.19
19.794,1.88
19.802,-2.25
19.81,-5.97
19.818,-5.88
19.826,-2.34
19.834,0.16
19.842,-1.03
19.85,-4.44
19.858,-8.59
19.866,-13.84
19.874,-19.19
19.882,-20.75
19.89,-15.5
19.898,-6.88
19.906,-2.19
19.914,-4.59
19.922,-9.94
19.93,-12.25
19.938,-9.0
19.946,-2.91
19.954,0.84
19.962,0.16
19.97,-1.41
19.978,0.81
19.986,7.09
19.994,13.97
20.002,17.44
20.01,15.69
20.018,9.81
20.026,3.66
20.034,1.34
20.042,4.38
20.05,10.06
20.058,12.31
20.066,7.34
20.074,-2.25
20.082,-10.72
20.09,-13.84
20.098,-10.56
20.106,-2.56
20.114,6.0
20.122,11.16
20.13,11.63
20.138,8.72
20.146,5.16
20.154,2.47
20.162,1.06
20.17,1.09
20.178,1.75
20.186,2.09
20.194,1.88
20.203,1.34
20.21,0.84
20.223,-0.53
20.224,-3.69
20.232,-7.41
20.24,-8.0
20.248,-4.09
20.256,1.19
20.272,4.47
20.28,9.03
20.288,23.56
20.296,47.0
20.296,56.97
20.304,30.0
20.312,-27.19
20.32,-77.53
20.328,-86.34
20.336,-50.63
20.344,1.94
20.352,35.94
20.36,35.34
20.368,11.78
20.376,-9.72
20.384,-13.78
20.392,-3.88
20.4,6.94
20.416,11.31
20.416,11.19
20.424,10.91
20.44,11.81
20.448,12.5
20.456,11.06
20.464,8.81
20.472,9.53
20.48,14.06
20.48,19.16
20.488,21.69
20.496,20.44
20.504,15.56
20.52,8.94
20.52,3.22
20.528,-0.97
20.544,-4.66
20.544,-9.13
20.552,-14.94
20.568,-21.62
20.568,-25.94
20.576,-24.87
20.592,-19.56
20.6,-14.38
20.6,-11.22
20.616,-8.72
20.624,-6.81
20.632,-7.06
20.64,-9.53
20.648,-10.66
20.656,-6.56
20.664,2.84
20.672,13.16
20.672,18.44
20.68,15.69
20.688,6.84
20.696,-1.81
20.704,-4.16
20.712,0.91
20.72,8.5
20.728,13.69
20.738,14.88
20.749,13.06
20.757,10.09
20.765,7.91
20.773,7.03
20.781,6.47
20.789,4.28
20.797,0.72
20.805,-2.63
20.813,-4.47
20.821,-5.28
20.829,-4.69
20.837,-1.72
20.845,3.06
20.854,5.72
20.854,2.97
20.869,-2.78
20.878,-6.56
20.886,-7.5
20.893,-7.66
20.901,-8.38
20.909,-8.63
20.917,-6.72
20.925,-3.38
20.933,-2.09
20.941,-4.06
20.949,-5.22
20.957,1.59
20.965,21.0
20.973,48.34
20.981,64.16
20.989,44.66
20.997,-11.91
21.005,-73.31
21.013,-97.69
21.021,-69.22
21.029,-11.59
21.037,33.19
21.045,39.13
21.053,13.44
21.061,-16.62
21.069,-29.22
21.077,-20.5
21.085,-1.12
21.093,14.88
21.101,20.44
21.109,18.0
21.117,14.38
21.125,14.03
21.133,17.09
21.141,21.0
21.149,22.37
21.157,19.53
21.165,12.72
21.173,3.47
21.181,-5.41
21.189,-9.5
21.197,-5.56
21.205,4.19
21.213,11.88
21.221,10.78
21.229,0.25
21.237,-14.59
21.245,-25.81
21.253,-27.03
21.263,-18.47
21.271,-6.19
21.275,2.75
21.283,4.91
21.291,0.28
21.299,-7.56
21.307,-12.84
21.315,-10.41
21.323,-0.84
21.331,9.72
21.339,14.75
21.347,13.66
21.355,10.66
21.363,8.59
21.371,7.59
21.379,6.81
21.395,6.44
21.403,6.19
21.411,6.16
21.416,5.97
21.422,4.66
21.43,1.22
21.432,-3.53
21.448,-6.94
21.456,-6.88
21.456,-3.28
21.464,1.34
21.472,4.56
21.48,5.78
21.488,5.28
21.496,3.53
21.504,0.5
21.52,-2.91
21.528,-5.38
21.536,-5.72
21.544,-4.78
21.552,-4.16
21.56,-4.59
21.568,-5.78
21.576,-5.59
21.584,-2.41
21.592,2.53
21.6,6.25
21.608,8.66
21.608,16.22
21.616,34.06
21.624,52.72
21.632,48.72
21.64,9.56
21.648,-46.06
21.656,-81.78
21.664,-74.12
21.672,-30.84
21.68,17.0
21.688,40.63
21.696,33.0
21.712,9.47
21.72,-8.88
21.728,-12.16
21.736,-5.0
21.744,2.91
21.752,5.91
21.76,5.16
21.768,4.88
21.776,7.31
21.784,10.84
21.794,12.53
21.798,10.81
21.801,7.38
21.809,4.94
21.817,5.16
21.826,7.66
21.834,9.84
21.842,8.72
21.85,3.56
21.858,-4.25
21.866,-12.09
21.874,-17.75
21.89,-19.69
21.898,-18.16
21.906,-14.94
21.914,-11.56
21.922,-8.53
21.93,-5.94
21.938,-3.5
21.946,-1.25
21.954,-0.12
21.962,-0.88
21.97,-3.28
21.978,-6.38
21.978,-8.5
21.986,-8.38
21.994,-5.69
22.002,-1.03
22.01,4.31
22.018,8.25
22.026,8.78
22.042,6.28
22.042,2.78
22.05,0.19
22.066,-0.16
22.074,1.44
22.082,3.81
22.09,5.41
22.098,5.19
22.106,3.81
22.114,3.06
22.122,3.5
22.13,3.91
22.138,3.03
22.146,0.56
22.154,-1.31
22.162,-1.47
22.162,-0.47
22.17,0.37
22.178,1.63
22.194,3.41
22.194,5.06
22.202,5.44
22.218,4.66
22.218,4.0
22.234,3.94
22.242,4.44
22.25,6.81
22.258,16.28
22.266,35.88
22.274,53.44
22.282,44.66
22.29,0.12
22.298,-56.28
22.306,-85.78
22.315,-69.22
22.323,-20.97
22.332,25.03
22.34,42.41
22.348,28.81
22.356,2.13
22.356,-15.56
22.364,-14.28
22.372,-1.09
22.38,9.5
22.388,9.5
22.396,1.91
22.404,-4.16
22.412,-2.28
22.42,5.84
22.428,13.53
22.444,16.22
22.444,14.66
22.452,12.03
22.468,10.03
22.468,8.31
22.476,5.94
22.492,2.78
22.492,-1.06
22.5,-5.59
22.516,-11.13
22.524,-16.97
22.532,-21.12
22.54,-22.59
22.54,-22.19
22.548,-20.84
22.556,-18.44
22.564,-14.81
22.572,-10.28
22.58,-5.72
22.588,-1.69
22.596,0.5
22.604,0.12
22.62,-2.47
22.62,-6.16
22.628,-7.47
22.644,-4.06
22.644,2.91
22.652,8.03
22.668,7.34
22.676,2.19
22.684,-2.0
22.692,-1.0
22.7,5.78
22.708,14.41
22.716,19.06
22.724,17.22
22.732,10.72
22.732,3.91
22.74,-0.22
22.748,-1.44
22.756,-1.5
22.764,-1.34
22.772,-0.37
22.78,1.06
22.788,1.97
22.796,2.41
22.804,2.28
22.82,1.16
22.82,-0.94
22.828,-2.22
22.844,-1.78
22.849,-0.97
22.858,-1.56
22.866,-2.72
22.874,-1.91
22.882,1.75
22.89,7.06
22.898,15.06
22.906,30.41
22.914,50.78
22.922,57.44
22.93,30.41
22.938,-24.12
22.946,-72.59
22.954,-82.34
22.962,-49.38
22.97,0.91
22.978,35.75
22.986,39.13
22.994,18.66
23.002,-6.25
23.01,-19.78
23.018,-16.81
23.026,-2.16
23.034,14.22
23.042,23.56
23.05,23.44
23.058,16.41
23.066,7.69
23.074,2.16
23.082,1.44
23.09,4.53
23.098,9.63
23.106,13.88
23.106,15.06
23.122,12.5
23.13,7.66
23.138,1.78
23.146,-3.78
23.154,-7.44
23.162,-8.34
23.17,-7.47
23.178,-6.78
23.186,-7.47
23.194,-9.78
23.202,-12.88
23.21,-15.13
23.218,-14.91
23.226,-11.19
23.234,-5.16
23.242,-0.41
23.25,0.28
23.258,-2.84
23.266,-6.13
23.274,-6.16
23.282,-2.41
23.29,2.56
23.298,5.19
23.306,4.38
23.314,2.0
23.322,0.84
23.33,1.0
23.338,1.56
23.346,1.63
23.354,0.94
23.362,-0.72
23.372,-3.91
23.379,-7.78
23.387,-9.81
23.395,-8.38
23.403,-4.13
23.411,0.75
23.419,4.13
23.427,5.59
23.435,5.63
23.443,4.03
23.451,0.66
23.459,-3.72
23.467,-8.09
23.475,-11.16
23.475,-11.13
23.491,-6.72
23.499,0.56
23.507,6.19
23.515,6.5
23.523,1.91
23.531,-3.34
23.539,-5.28
23.547,-2.28
23.555,7.84
23.563,28.41
23.571,54.72
23.579,66.16
23.587,40.22
23.595,-18.72
23.603,-75.12
23.611,-91.56
23.619,-60.41
23.627,-7.59
23.635,30.84
23.643,36.09
23.651,16.34
23.659,-5.84
23.667,-13.63
23.675,-6.25
23.683,6.41
23.691,14.31
23.699,13.94
23.707,8.78
23.715,5.0
23.723,5.63
23.731,8.81
23.739,11.16
23.747,11.72
23.755,11.66
23.763,11.59
23.771,10.5
23.779,6.84
23.787,1.09
23.795,-3.81
23.803,-5.38
23.811,-4.31
23.819,-4.03
23.827,-6.41
23.835,-10.38
23.843,-13.16
23.851,-13.28
23.859,-10.88
23.867,-6.88
23.875,-1.91
23.883,3.25
23.893,7.06
23.901,8.06
23.907,6.5
23.914,4.03
23.922,1.5
23.93,-0.44
23.938,-1.56
23.946,-1.0
23.954,1.37
23.962,4.31
23.97,6.13
23.978,6.06
23.986,4.56
23.994,3.28
24.002,3.13
24.01,3.69
24.018,4.19
24.026,3.88
24.034,2.63
24.042,0.59
24.05,-1.63
24.058,-2.63
24.066,-0.31
24.074,5.03
24.082,10.53
24.09,13.03
24.098,11.91
24.106,8.44
24.114,4.13
24.122,0.0
24.13,-3.13
24.138,-4.44
24.146,-3.78
24.154,-1.81
24.162,0.09
24.17,0.37
24.178,-0.94
24.186,-2.13
24.194,-1.09
24.202,1.59
24.21,3.16
24.218,1.31
24.226,-2.19
24.234,0.72
24.242,18.94
24.25,47.53
24.258,60.66
24.266,33.63
24.274,-25.75
24.282,-77.37
24.29,-85.28
24.298,-47.63
24.306,5.06
24.314,37.41
24.322,35.44
24.329,11.97
24.338,-9.16
24.349,-13.97
24.359,-5.41
24.369,5.5
24.369,10.84
24.379,9.47
24.387,4.44
24.395,0.19
24.403,-0.19
24.411,3.25
24.419,7.09
24.429,8.81
24.436,8.69
24.44,8.53
24.45,9.0
24.46,9.09
24.469,7.28
24.477,3.22
24.485,-1.81
24.493,-6.47
24.501,-10.69
24.509,-15.06
24.52,-19.06
24.52,-20.87
24.53,-19.09
24.54,-14.38
24.549,-8.88
24.56,-4.28
24.56,-1.5
24.57,-0.69
24.58,-1.28
24.588,-1.78
24.596,-1.16
24.604,0.06
24.612,1.22
24.62,2.75
24.628,4.88
24.632,7.47
24.639,9.09
24.648,8.63
24.656,5.5
24.664,1.59
24.664,-0.63
24.679,-0.34
24.689,0.75
24.698,1.47
24.706,1.75
24.719,2.09
24.719,2.38
24.731,2.09
24.739,1.41
24.748,1.28
24.756,2.47
24.769,4.09
24.769,4.47
24.778,2.28
24.789,-2.06
24.799,-6.25
24.807,-7.41
24.807,-5.38
24.824,-2.31
24.829,-0.59
24.832,-0.66
24.844,-0.69
24.85,1.0
24.859,4.25
24.867,6.44
24.875,5.09
24.883,1.22
24.889,1.25
24.899,14.03
24.907,38.03
24.915,51.44
24.923,29.59
24.932,-23.62
24.94,-72.59
24.948,-81.91
24.96,-48.0
24.969,0.97
24.977,31.44
24.98,30.81
24.989,10.53
24.997,-8.66
25.005,-13.38
25.013,-4.88
25.021,7.03
25.029,14.31
25.039,15.09
25.049,11.94
25.049,8.78
25.059,7.63
25.069,8.41
25.077,9.56
25.085,9.97
25.089,9.47
25.099,9.13
25.109,10.06
25.119,11.25
25.127,10.44
25.133,6.25
25.139,0.34
25.148,-5.31
25.156,-9.75
25.164,-12.66
25.172,-14.06
25.179,-14.59
25.189,-14.22
25.197,-12.19
25.205,-9.25
25.213,-6.94
25.221,-5.09
25.229,-2.75
25.239,-0.78
25.249,-0.69
25.249,-1.75
25.257,-1.31
25.273,1.91
25.281,5.91
25.289,7.19
25.297,4.34
25.305,0.37
25.313,-0.63
25.321,1.81
25.329,3.97
25.337,2.63
25.34,-1.06
25.349,-3.31
25.349,-1.5
25.359,3.63
25.367,8.63
25.379,10.56
25.389,9.16
25.397,6.56
25.405,5.16
25.413,5.84
25.421,6.66
25.429,5.16
25.439,0.81
25.448,-4.84
25.456,-9.38
25.464,-10.0
25.472,-6.44
25.479,-1.22
25.489,2.47
25.494,3.41
25.506,2.72
25.509,2.53
25.518,3.69
25.529,5.16
25.537,7.56
25.539,14.88
25.549,32.06
25.549,52.09
25.559,52.56
25.569,17.69
25.579,-37.84
25.588,-77.31
25.596,-74.69
25.604,-35.69
25.612,10.16
25.619,34.69
25.629,30.06
25.639,8.56
25.649,-10.78
25.649,-16.22
25.659,-8.41
25.669,3.19
25.679,9.0
25.689,6.81
25.697,1.28
25.705,-2.22
25.713,-1.19
25.721,3.25
25.729,7.53
25.729,9.22
25.739,8.88
25.749,8.25
25.759,6.94
25.759,3.53
25.77,-0.94
25.779,-3.69
25.789,-4.5
25.798,-5.31
25.798,-8.53
25.81,-13.72
25.819,-18.12
25.827,-18.34
25.839,-13.72
25.849,-6.63
25.849,-0.78
25.858,1.72
25.869,1.81
25.879,1.47
25.887,1.41
25.895,1.56
25.903,2.31
25.909,2.75
25.919,1.47
25.919,-1.44
25.929,-4.31
25.939,-5.31
25.949,-4.88
25.957,-4.56
25.965,-3.91
25.965,-1.56
25.979,2.94
25.989,8.0
25.997,10.13
26.009,6.66
26.02,-2.38
26.026,-12.63
26.029,-18.12
26.04,-16.25
26.049,-8.81
26.057,-0.47
26.065,5.94
26.065,9.5
26.08,9.44
26.089,5.66
26.099,-0.09
26.104,-4.09
26.11,-4.13
26.118,-0.31
26.129,5.16
26.129,9.78
26.139,11.5
26.148,10.34
26.156,7.78
26.169,5.34
26.169,4.63
26.184,9.38
26.189,25.59
26.198,52.06
26.206,69.16
26.22,50.28
26.22,-6.38
26.229,-67.03
26.239,-90.78
26.248,-65.12
26.259,-13.78
26.269,26.81
26.269,36.31
26.279,19.78
26.288,-1.84
26.296,-11.22
26.296,-4.78
26.309,8.72
26.319,17.47
26.327,16.44
26.337,9.63
26.339,5.0
26.349,5.78
26.357,8.66
26.369,9.38
26.374,7.41
26.379,5.5
26.389,5.75
26.397,7.28
26.405,7.94
26.419,7.16
26.419,5.5
26.43,3.09
26.439,-0.25
26.448,-4.63
26.456,-9.75
26.464,-14.44
26.472,-17.31
26.48,-17.34
26.48,-15.75
26.489,-13.53
26.499,-10.78
26.509,-7.53
26.518,-4.53
26.529,-2.72
26.537,-2.09
26.54,-2.25
26.555,-2.94
26.559,-3.69
26.569,-4.25
26.579,-4.47
26.579,-3.25
26.589,-0.63
26.599,2.28
26.607,4.09
26.62,5.09
26.62,6.47
26.629,7.88
26.64,7.59
26.648,5.53
26.656,3.13
26.664,2.13
26.672,2.81
26.68,4.16
26.688,4.81
26.699,4.53
26.699,4.34
26.709,5.19
26.719,7.13
26.729,8.19
26.737,6.41
26.74,1.31
26.749,-5.25
26.759,-10.03
26.767,-10.88
26.779,-7.88
26.784,-3.28
26.789,0.31
26.799,1.41
26.809,0.06
26.817,-1.78
26.817,-1.78
26.83,0.25
26.84,5.56
26.849,18.91
26.857,42.03
26.857,60.81
26.869,49.97
26.879,1.47
26.889,-57.66
26.899,-86.53
26.899,-66.78
26.91,-15.97
26.919,29.62
26.929,44.22
26.938,28.62
26.94,2.31
26.949,-15.41
26.959,-16.97
26.969,-7.06
26.98,4.97
26.98,11.41
26.989,10.06
26.999,4.25
27.007,-0.53
27.015,-0.69
27.023,3.0
27.038,7.31
27.04,8.84
27.049,7.16
27.049,4.91
27.059,4.78
27.076,7.19
27.083,9.0
27.092,7.16
27.1,1.34
27.1,-5.63
27.109,-10.81
27.117,-13.34
27.125,-13.81
27.14,-13.25
27.14,-12.41
27.15,-10.66
27.158,-7.53
27.166,-3.75
27.174,-1.03
27.182,-0.22
27.19,-0.63
27.198,-0.88
27.206,-0.28
27.222,1.5
27.23,3.66
27.23,4.5
27.239,2.56
27.249,-0.97
27.259,-2.94
27.259,-0.97
27.269,3.31
27.28,5.91
27.288,4.78
27.3,2.56
27.3,3.72
27.309,7.88
27.319,10.44
27.327,8.03
27.34,2.06
27.349,-3.22
27.35,-4.84
27.358,-3.13
27.374,-0.09
27.374,2.44
27.389,3.88
27.394,4.5
27.4,4.16
27.409,2.25
27.417,-1.28
27.417,-4.22
27.43,-4.84
27.439,-3.91
27.449,-2.94
27.459,-2.44
27.467,-2.44
27.475,-2.94
27.483,-3.19
27.491,-3.03
27.499,-2.47
27.507,-0.22
27.515,7.22
27.519,24.81
27.529,50.03
27.539,64.0
27.549,43.47
27.558,-10.53
27.566,-65.31
27.574,-83.59
27.582,-55.91
27.59,-6.16
27.598,31.03
27.607,36.53
27.61,17.09
27.619,-6.34
27.63,-16.12
27.631,-9.22
27.639,5.03
27.648,15.03
27.656,16.22
27.656,11.91
27.67,8.19
27.68,8.28
27.689,10.91
27.699,12.56
27.709,10.47
27.714,5.34
27.719,1.53
27.729,1.88
27.739,4.69
27.749,6.13
27.749,4.19
27.759,-0.91
27.769,-7.16
27.777,-12.22
27.785,-14.81
27.785,-15.28
27.799,-14.81
27.809,-13.81
27.819,-12.13
27.83,-10.22
27.83,-7.44
27.84,-3.22
27.849,1.56
27.857,4.97
27.865,6.31
27.873,6.03
27.879,4.09
27.889,1.22
27.897,-1.06
27.91,-1.84
27.919,-1.44
27.919,-0.88
27.93,-0.84
27.938,-0.97
27.946,-0.28
27.946,1.31
27.96,1.91
27.968,0.75
27.979,-0.59
27.979,-1.16
27.988,-1.06
27.999,-0.44
28.009,0.78
28.018,2.63
28.026,4.94
28.034,7.06
28.04,7.25
28.048,5.06
28.056,2.28
28.069,1.56
28.069,2.97
28.079,4.47
28.089,4.81
28.099,3.78
28.109,1.41
28.117,-2.28
28.117,-6.31
28.129,-8.72
28.143,-7.75
28.151,-3.44
28.16,1.66
28.16,5.0
28.17,5.53
28.179,4.94
28.187,7.56
28.187,19.53
28.199,41.94
28.209,60.84
28.219,51.78
28.227,5.53
28.227,-53.34
28.24,-85.0
28.249,-69.03
28.257,-20.66
28.265,24.41
28.273,39.72
28.281,25.06
28.297,0.31
28.297,-14.22
28.305,-12.0
28.32,-0.19
28.32,10.19
28.33,12.53
28.339,7.88
28.348,1.75
28.356,-0.81
28.356,1.09
28.37,5.06
28.379,7.47
28.389,6.31
28.389,2.72
28.4,0.81
28.408,3.44
28.416,9.09
28.429,11.81
28.429,7.88
28.44,-1.63
28.45,-11.63
28.459,-17.75
28.468,-18.72
28.48,-16.22
28.485,-13.19
28.489,-10.91
28.498,-8.72
28.506,-5.81
28.514,-2.72
28.522,-0.56
28.53,0.5
28.54,0.78
28.55,0.69
28.55,0.25
28.559,-0.34
28.574,0.0
28.579,1.94
28.589,4.31
28.589,4.91
28.604,3.41
28.61,2.22
28.619,3.72
28.627,6.97
28.635,8.88
28.643,7.97
28.65,4.94
28.659,2.41
28.667,2.53
28.679,4.66
28.687,6.53
28.694,6.72
28.701,5.38
28.709,3.19
28.717,1.16
28.729,0.5
28.729,2.03
28.739,4.81
28.749,6.81
28.749,5.47
28.76,0.41
28.769,-5.47
28.777,-7.75
28.785,-5.69
28.793,-2.47
28.801,-1.22
28.814,-1.84
28.824,-2.31
28.829,-1.03
28.84,1.84
28.846,4.28
28.856,4.44
28.859,3.47
28.869,6.22
28.879,18.75
28.889,39.94
28.894,51.94
28.9,32.5
28.911,-17.44
28.919,-67.0
28.925,-81.78
28.935,-53.91
28.943,-6.25
28.95,29.19
28.957,35.63
28.959,18.72
28.969,-3.41
28.979,-15.25
28.989,-12.13
28.997,-0.06
29.005,10.56
29.013,12.91
29.021,6.69
29.029,-2.16
29.038,-6.56
29.05,-3.78
29.055,3.41
29.059,10.0
29.068,12.97
29.076,11.72
29.089,7.59
29.099,3.41
29.099,1.34
29.109,1.31
29.119,0.66
29.119,-3.28
29.129,-10.78
29.143,-18.56
29.15,-22.16
29.159,-20.16
29.164,-14.94
29.169,-9.88
29.179,-7.31
29.188,-6.97
29.196,-7.0
29.205,-5.31
29.213,-0.72
29.224,5.0
29.229,7.75
29.239,5.56
29.249,1.06
29.249,-0.97
29.259,1.22
29.268,5.03
29.276,6.44
29.284,4.13
29.292,0.75
29.3,0.25
29.308,3.91
29.316,9.22
29.324,12.06
29.332,9.88
29.34,3.78
29.349,-1.94
29.359,-3.22
29.359,0.0
29.369,4.09
29.379,5.66
29.389,4.56
29.397,2.63
29.409,2.28
29.409,4.5
29.419,7.28
29.43,7.09
29.438,3.88
29.449,0.63
29.449,0.53
29.46,2.84
29.468,4.53
29.476,3.63
29.484,1.31
29.492,-0.34
29.5,-0.75
29.508,-1.56
29.519,-3.66
29.519,-5.44
29.529,-4.5
29.537,2.19
29.549,18.84
29.559,44.94
29.569,64.72
29.569,53.25
29.579,3.88
29.587,-56.09
29.595,-86.81
29.603,-70.16
29.611,-22.28
29.619,21.81
29.627,36.91
29.635,23.28
29.65,-0.06
29.65,-13.78
29.664,-12.34
29.67,-2.06
29.68,7.72
29.685,11.56
29.69,9.16
29.699,4.16
29.707,0.84
29.715,1.53
29.723,5.56
29.736,10.22
29.743,11.88
29.749,9.47
29.759,5.44
29.769,3.44
29.769,4.38
29.779,5.41
29.795,2.88
29.795,-3.53
29.803,-10.91
29.819,-15.34
29.827,-15.63
29.835,-14.0
29.835,-13.66
29.85,-15.09
29.859,-15.38
29.859,-11.94
29.868,-5.63
29.876,0.0
29.884,1.97
29.892,0.63
29.899,-1.0
29.909,-0.69
29.919,1.56
29.927,4.56
29.935,7.13
29.947,7.97
29.949,5.84
29.959,2.25
29.967,0.31
29.975,1.75
29.975,4.78
29.989,6.38
29.999,5.34
30.007,3.06
30.015,0.94
30.023,-0.88
30.029,-2.28
30.039,-2.38
30.05,-0.59
30.05,3.13
30.06,7.16
30.069,9.22
30.08,8.34
30.089,5.69
30.089,2.81
30.1,0.66
30.108,0.25
30.116,0.91
30.124,0.5
30.132,-2.97
30.147,-8.56
30.149,-13.03
30.159,-13.28
30.168,-9.09
30.176,-3.5
30.184,-0.56
30.19,-1.47
30.199,-4.22
30.207,-5.56
30.22,-3.28
30.22,3.31
30.229,16.53
30.239,37.34
30.249,55.5
30.249,48.84
30.263,6.63
30.269,-50.47
30.281,-83.72
30.289,-70.69
30.289,-23.28
30.299,23.97
30.309,42.63
30.319,29.25
30.327,3.38
30.335,-12.47
30.347,-10.41
30.349,1.59
30.359,11.69
30.367,13.81
30.375,9.97
30.383,5.47
30.391,4.31
30.399,6.44
30.407,9.47
30.415,11.25
30.423,11.28
30.431,10.69
30.439,10.06
30.449,8.34
30.449,4.59
30.459,-0.5
30.475,-5.03
30.475,-7.88
30.483,-8.97
30.499,-9.94
30.507,-12.03
30.515,-15.13
30.523,-16.62
30.531,-14.28
30.539,-9.0
30.547,-4.28
30.55,-2.72
30.56,-3.19
30.569,-2.94
30.58,-0.72
30.59,1.75
30.59,2.34
30.599,0.97
30.609,0.37
30.609,2.63
30.619,6.25
30.63,8.19
30.638,7.34
30.65,4.56
30.654,0.78
30.659,-2.81
30.669,-4.56
30.679,-3.75
30.689,-1.75
30.699,-0.31
30.699,-0.28
30.709,-0.56
30.718,0.31
30.726,2.38
30.734,3.84
30.75,3.63
30.75,2.38
30.759,1.97
30.769,3.66
30.777,6.56
30.785,7.97
30.799,6.72
30.803,3.84
30.81,1.31
30.816,-0.16
30.82,-0.81
30.829,-0.84
30.84,0.22
30.849,2.59
30.849,5.56
30.864,6.75
30.87,4.97
30.879,1.72
30.888,-0.59
30.896,1.97
30.904,15.28
30.912,40.91
30.92,63.16
30.929,54.72
30.938,5.5
30.949,-57.88
30.949,-92.0
30.959,-75.12
30.968,-24.34
30.979,22.44
30.979,38.13
30.989,23.53
30.999,-1.28
31.009,-15.97
31.019,-13.13
31.019,1.09
31.03,14.41
31.039,18.66
31.05,14.47
31.059,7.91
31.064,4.47
31.069,5.13
31.079,8.25
31.088,11.09
31.096,11.59
31.104,9.19
31.104,4.5
31.12,-0.59
31.129,-3.84
31.139,-3.88
31.149,-1.12
31.149,1.81
31.159,1.5
31.167,-3.88
31.18,-12.66
31.18,-20.59
31.189,-23.72
31.197,-20.97
31.205,-15.06
31.219,-10.19
31.219,-8.69
31.229,-9.34
31.237,-9.06
31.249,-5.63
31.259,-0.06
31.259,4.59
31.269,5.84
31.279,3.94
31.289,1.44
31.297,1.03
31.31,2.31
31.31,3.56
31.323,4.16
31.333,4.69
31.341,4.59
31.349,2.28
31.349,-1.19
31.359,-2.44
31.369,0.72
31.379,6.88
31.379,12.5
31.389,14.41
31.399,11.97
31.407,7.94
31.415,5.16
31.423,4.22
31.431,4.13
31.439,4.06
31.45,3.75
31.459,2.34
31.469,-0.78
31.474,-5.16
31.479,-8.88
31.489,-10.16
31.497,-8.44
31.509,-5.13
31.514,-2.03
31.52,-0.03
31.53,1.06
31.539,1.44
31.55,0.69
31.55,0.47
31.559,7.03
31.57,26.41
31.58,50.59
31.58,54.38
31.597,20.28
31.597,-35.63
31.605,-74.06
31.621,-69.31
31.63,-30.19
31.63,11.94
31.65,31.78
31.65,25.72
31.659,6.69
31.669,-8.91
31.677,-12.19
31.685,-4.84
31.693,4.84
31.701,9.44
31.709,8.09
31.717,5.5
31.717,5.69
31.729,7.97
31.738,9.13
31.747,7.5
31.75,4.94
31.758,3.97
31.766,4.97
31.774,6.22
31.782,5.84
31.79,3.56
31.798,-0.09
31.806,-3.66
31.814,-7.13
31.829,-10.84
31.829,-14.72
31.847,-17.28
31.851,-17.94
31.859,-16.47
31.869,-13.84
31.879,-10.63
31.887,-6.56
31.895,-2.06
31.903,1.16
31.911,1.25
31.919,-0.84
31.927,-2.22
31.93,-1.22
31.938,1.63
31.947,5.13
31.949,8.0
31.958,9.59
31.966,8.53
31.974,4.5
31.982,-0.12
31.99,-1.47
32.0,1.75
32.008,5.97
32.016,6.75
32.024,3.56
32.032,0.59
32.047,0.66
32.049,3.34
32.058,6.47
32.066,8.13
32.074,8.31
32.082,8.16
32.089,7.63
32.098,6.03
32.106,3.31
32.114,0.37
32.122,-1.63
32.129,-1.94
32.138,-0.84
32.147,0.03
32.149,-0.97
32.159,-4.19
32.167,-7.13
32.175,-6.91
32.183,-2.81
32.191,2.88
32.199,6.06
32.207,5.72
32.223,8.63
32.223,23.72
32.231,46.72
32.247,53.91
32.249,24.62
32.259,-30.81
32.267,-75.87
32.275,-79.78
32.283,-43.56
32.291,4.66
32.299,34.22
32.307,34.25
32.315,15.31
32.323,-3.56
32.331,-10.06
32.339,-3.84
32.349,7.28
32.349,14.59
32.359,14.38
32.367,8.84
32.38,2.88
32.389,0.44
32.398,2.31
32.398,5.63
32.409,7.34
32.418,7.28
32.426,7.28
32.439,8.38
32.449,9.72
32.449,8.72
32.459,4.66
32.467,-0.72
32.479,-5.53
32.479,-9.72
32.489,-13.5
32.499,-16.09
32.507,-16.16
32.507,-13.56
32.519,-9.97
32.529,-6.75
32.539,-4.34
32.55,-1.88
32.55,0.09
32.564,0.56
32.569,-1.28
32.579,-4.13
32.589,-4.97
32.597,-1.41
32.605,4.81
32.613,8.5
32.62,6.44
32.629,0.63
32.639,-2.97
32.65,-1.63
32.65,2.53
32.665,5.19
32.669,5.16
32.679,4.22
32.687,3.88
32.687,3.84
32.699,3.28
32.709,3.16
32.714,4.47
32.719,6.19
32.729,5.84
32.738,2.22
32.746,-1.91
32.759,-2.88
32.759,0.22
32.769,4.91
32.779,7.75
32.788,7.22
32.796,4.81
32.804,2.28
32.812,-0.34
32.82,-3.44
32.829,-6.19
32.839,-6.5
32.85,-3.47
32.854,1.69
32.859,6.03
32.869,6.97
32.879,4.22
32.879,-0.09
32.894,-2.97
32.902,-0.97
32.91,11.31
32.919,36.16
32.919,60.25
32.929,56.91
32.939,13.16
32.949,-48.91
32.96,-87.59
32.96,-78.03
32.97,-31.47
32.979,17.87
32.987,40.72
32.995,31.87
33.009,7.75
33.009,-10.84
33.019,-13.72
33.029,-4.13
33.038,7.13
33.049,11.5
33.054,8.22
33.059,2.03
33.069,-1.66
33.069,-0.5
33.079,4.78
33.089,10.72
33.1,13.5
33.109,12.31
33.119,9.25
33.119,6.53
33.13,4.72
33.138,2.63
33.146,0.09
33.159,-2.94
33.169,-6.94
33.177,-12.34
33.185,-18.25
33.185,-21.91
33.199,-21.0
33.209,-15.75
33.209,-8.41
33.22,-2.81
33.229,-1.22
33.239,-3.34
33.249,-6.19
33.254,-6.34
33.259,-3.44
33.269,0.72
33.277,4.09
33.285,5.84
33.293,5.72
33.301,3.84
33.309,1.28
33.317,-0.97
33.325,-1.84
33.333,-1.31
33.341,-0.37
33.349,-0.19
33.36,-0.72
33.368,-1.06
33.376,-0.75
33.384,0.09
33.392,0.75
33.4,0.75
33.408,0.28
33.419,0.41
33.424,1.5
33.432,3.03
33.439,4.03
33.449,4.28
33.455,4.41
33.459,4.91
33.468,5.69
33.479,6.44
33.479,7.25
33.497,7.34
33.505,5.5
33.513,1.91
33.521,-2.03
33.529,-4.75
33.529,-6.06
33.539,-6.03
33.555,-3.94
33.559,-0.31
33.569,2.5
33.569,1.94
33.579,-1.75
33.588,-4.22
33.596,-2.25
33.604,4.47
33.612,17.41
33.624,38.34
33.629,59.09
33.64,57.69
33.649,19.59
33.655,-39.5
33.659,-81.84
33.668,-79.47
33.676,-37.44
33.676,12.5
33.699,39.53
33.699,35.09
33.707,13.34
33.723,-5.47
33.729,-10.84
33.729,-4.38
33.74,6.31
33.755,14.41
33.76,16.37
33.768,12.5
33.779,6.81
33.779,3.59
33.789,4.66
33.797,8.25
33.805,11.34
33.813,12.53
33.821,10.84
33.829,6.16
33.837,0.12
33.845,-4.91
33.855,-7.88
33.86,-9.59
33.868,-10.94
33.879,-11.69
33.889,-12.22
33.899,-12.94
33.899,-13.41
33.909,-11.91
33.919,-7.75
33.93,-2.88
33.939,-0.78
33.944,-2.59
33.955,-5.91
33.96,-6.94
33.969,-4.88
33.979,-1.53
33.979,0.37
33.989,-0.03
33.999,-1.0
34.009,-0.91
34.009,0.22
34.02,1.22
34.029,1.75
34.037,2.22
34.049,2.94
34.055,3.66
34.065,3.53
34.069,2.78
34.079,2.88
34.089,4.53
34.097,6.09
34.105,5.16
34.113,2.34
34.121,0.88
34.129,2.03
34.137,3.59
34.149,2.78
34.155,-0.56
34.159,-3.22
34.169,-1.5
34.169,4.53
34.18,10.78
34.189,13.63
34.197,12.69
34.209,9.28
34.209,4.03
34.219,-1.88
34.23,-5.81
34.239,-6.69
34.25,-6.25
34.255,-6.0
34.265,-5.56
34.27,-4.03
34.28,-1.56
34.289,-0.34
34.299,-0.84
34.299,-1.66
34.309,-1.16
34.317,1.75
34.329,9.09
34.34,25.03
34.35,46.41
34.355,54.78
34.359,29.69
34.369,-23.47
34.377,-70.75
34.377,-79.66
34.39,-47.16
34.398,0.81
34.406,33.16
34.414,36.38
34.414,18.87
34.43,-0.28
34.439,-7.66
34.447,-2.75
34.459,6.59
34.459,12.94
34.471,13.72
34.479,10.41
34.492,5.63
34.499,2.94
34.504,4.16
34.509,7.81
34.519,10.28
34.53,9.47
34.539,6.63
34.549,4.69
34.549,4.72
34.559,5.22
34.569,3.75
34.569,-0.09
34.579,-5.22
34.589,-10.78
34.597,-15.84
34.605,-18.84
34.613,-18.31
34.621,-14.47
34.629,-9.06
34.637,-4.41
34.645,-2.44
34.66,-2.81
34.66,-3.72
34.67,-4.59
34.68,-5.94
34.69,-7.44
34.698,-7.09
34.706,-3.94
34.714,0.44
34.714,3.28
34.729,3.19
34.729,1.25
34.739,0.16
34.755,1.41
34.76,3.69
34.769,4.72
34.769,4.31
34.78,3.94
34.79,4.38
34.799,5.09
34.807,5.41
34.819,5.09
34.819,4.53
34.829,4.19
34.839,4.19
34.847,4.19
34.86,4.09
34.86,4.38
34.869,4.81
34.879,3.75
34.889,0.97
34.897,-1.16
34.905,-0.5
34.913,1.78
34.92,2.56
34.929,0.41
34.929,-3.38
34.948,-5.81
34.948,-5.28
34.96,-2.16
34.968,1.41
34.979,2.94
34.979,0.94
34.996,-3.03
35.004,-5.94
35.012,-4.13
35.02,7.66
35.023,31.84
35.034,56.63
35.039,57.41
35.048,19.97
35.059,-37.09
35.069,-75.37
35.069,-69.97
35.08,-30.03
35.088,12.72
35.096,32.06
35.11,24.44
35.11,3.53
35.119,-13.66
35.129,-17.53
35.14,-9.22
35.14,2.97
35.155,10.34
35.159,9.28
35.168,2.81
35.179,-1.94
35.184,-1.06
35.189,3.28
35.199,6.06
35.207,5.94
35.215,5.03
35.229,5.69
35.229,7.06
35.239,6.56
35.247,3.38
35.256,-1.0
35.264,-4.75
35.272,-7.59
35.28,-10.5
35.288,-13.06
35.296,-14.31
35.304,-13.88
35.312,-12.03
35.32,-9.16
35.328,-6.31
35.336,-4.0
35.344,-2.09
35.352,-0.72
35.36,-0.41
35.368,-0.94
35.376,-1.31
35.384,-0.78
35.392,0.59
35.4,2.38
35.408,3.72
35.416,4.09
35.424,3.91
35.432,3.94
35.44,4.47
35.448,5.25
35.456,6.5
35.464,7.84
35.472,8.38
35.48,7.03
35.488,4.81
35.496,4.53
35.504,7.13
35.512,10.56
35.52,11.19
35.53,7.59
35.536,2.44
35.544,-0.44
35.552,0.59
35.56,4.66
35.568,9.91
35.576,13.38
35.584,11.91
35.592,5.47
35.6,-2.0
35.608,-6.03
35.616,-4.78
35.624,-0.5
35.632,3.09
35.64,3.06
35.648,-0.37
35.656,-3.88
35.672,-4.22
35.672,-1.59
35.68,1.37
35.688,4.16
35.696,12.41
35.704,31.22
35.712,50.19
35.72,44.41
35.728,2.31
35.736,-54.16
35.744,-85.91
35.752,-72.09
35.76,-26.25
35.768,18.72
35.776,37.47
35.784,27.28
35.792,3.91
35.8,-13.13
35.808,-14.09
35.824,-2.66
35.824,9.88
35.832,14.28
35.848,8.97
35.848,-0.44
35.857,-6.63
35.865,-5.84
35.873,0.12
35.881,7.25
35.889,11.06
35.897,10.91
35.905,9.09
35.913,7.75
35.921,6.41
35.929,4.34
35.937,2.0
35.945,-0.06
35.953,-2.56
35.961,-7.41
35.969,-14.5
35.977,-20.44
35.985,-21.53
35.993,-17.22
36.001,-10.47
36.009,-5.0
36.025,-2.81
36.025,-3.13
36.033,-3.59
36.041,-1.88
36.05,2.28
36.06,6.28
36.069,7.03
36.077,3.97
36.085,-0.5
36.093,-2.0
36.101,1.31
36.109,6.69
36.117,9.34
36.125,7.69
36.133,4.53
36.141,2.75
36.149,2.59
36.157,2.84
36.165,2.75
36.173,2.78
36.181,3.5
36.189,3.88
36.197,2.81
36.205,1.25
36.213,0.81
36.221,1.69
36.229,3.0
36.229,3.72
36.237,3.44
36.253,2.78
36.261,2.63
36.269,2.81
36.277,3.63
36.285,5.16
36.293,6.47
36.301,5.16
36.309,0.25
36.317,-5.44
36.325,-7.78
36.333,-5.03
36.341,0.19
36.349,3.41
36.357,2.91
36.365,0.37
36.373,-1.44
36.381,-1.22
36.389,3.44
36.397,17.75
36.405,42.69
36.413,63.22
36.421,53.59
36.429,5.41
36.437,-55.47
36.446,-88.94
36.454,-74.31
36.462,-26.25
36.47,20.72
36.478,40.03
36.486,29.5
36.494,6.16
36.502,-10.03
36.51,-10.47
36.518,-0.75
36.526,8.09
36.534,9.69
36.542,5.28
36.55,0.34
36.558,-1.41
36.566,0.37
36.574,3.56
36.583,5.41
36.591,5.5
36.602,5.06
36.603,4.75
36.611,3.88
36.619,1.94
36.627,-0.69
36.635,-3.09
36.643,-4.94
36.651,-6.75
36.659,-9.03
36.667,-11.78
36.675,-14.66
36.683,-16.72
36.691,-17.03
36.699,-14.66
36.707,-10.22
36.715,-5.5
36.723,-2.59
36.731,-1.47
36.739,-1.34
36.747,-1.09
36.755,-0.34
36.763,0.94
36.771,2.63
36.779,4.56
36.787,6.69
36.795,8.19
36.803,7.72
36.811,5.59
36.819,3.0
36.827,0.97
36.835,-0.28
36.843,-0.41
36.851,0.47
36.859,2.19
36.867,3.66
36.875,4.03
36.883,3.28
36.891,2.72
36.899,3.31
36.907,4.69
36.915,5.66
36.923,4.88
36.931,1.25
36.939,-3.97
36.947,-7.69
36.955,-7.22
36.963,-2.72
36.979,2.56
36.979,4.72
36.987,2.25
36.995,-2.72
37.003,-6.53
37.011,-6.53
37.019,-3.19
37.027,-0.47
37.035,-0.25
37.043,-1.0
37.051,-0.5
37.059,1.0
37.067,2.81
37.075,8.19
37.083,24.09
37.091,49.13
37.099,63.03
37.108,40.63
37.119,-15.84
37.13,-70.28
37.141,-83.91
37.141,-50.5
37.149,1.81
37.157,36.59
37.165,37.47
37.173,15.38
37.181,-6.25
37.189,-12.28
37.197,-4.03
37.205,8.25
37.213,15.28
37.221,13.88
37.229,6.56
37.237,-1.0
37.245,-3.53
37.253,0.75
37.261,8.47
37.269,13.84
37.277,14.13
37.285,11.28
37.293,8.38
37.301,6.5
37.309,5.0
37.317,3.13
37.325,0.16
37.333,-3.84
37.341,-8.34
37.349,-13.03
37.357,-17.41
37.365,-20.28
37.373,-19.87
37.381,-16.19
37.389,-11.09
37.397,-6.81
37.405,-4.59
37.413,-4.0
37.421,-3.41
37.429,-1.47
37.437,1.69
37.445,4.75
37.453,6.19
37.461,5.53
37.469,3.19
37.477,1.03
37.485,1.09
37.493,4.09
37.501,7.88
37.509,9.75
37.517,8.38
37.525,5.47
37.533,3.03
37.541,2.0
37.549,1.81
37.557,1.69
37.565,1.41
37.573,1.84
37.581,3.47
37.589,5.31
37.597,6.16
37.605,6.06
37.613,5.81
37.621,5.31
37.629,3.06
37.641,-1.16
37.645,-5.03
37.658,-6.22
37.666,-5.31
37.674,-4.41
37.682,-4.31
37.69,-4.03
37.698,-3.5
37.706,-3.25
37.714,-3.44
37.722,-3.59
37.73,-2.84
37.73,0.0
37.738,7.88
37.746,23.81
37.754,43.16
37.762,47.97
37.77,21.56
37.778,-27.25
37.786,-66.41
37.794,-68.37
37.802,-34.28
37.81,10.09
37.826,37.03
37.834,35.66
37.842,15.28
37.85,-5.81
37.858,-13.88
37.866,-7.69
37.874,4.0
37.882,11.84
37.89,11.84
37.898,6.44
37.906,0.88
37.914,-0.63
37.922,2.34
37.922,7.19
37.93,10.66
37.938,11.13
37.954,9.66
37.954,8.41
37.962,8.34
37.978,7.63
37.986,4.53
37.994,-0.03
38.002,-4.03
38.01,-7.84
38.018,-13.38
38.025,-19.66
38.033,-22.5
38.041,-19.53
38.049,-12.69
38.057,-6.13
38.065,-3.38
38.073,-3.56
38.081,-3.25
38.089,-1.09
38.097,0.88
38.105,0.66
38.105,-0.25
38.113,0.53
38.129,3.69
38.137,6.88
38.137,7.72
38.153,5.56
38.161,1.81
38.169,-1.84
38.179,-3.63
38.185,-3.44
38.193,-2.44
38.201,-1.78
38.209,-0.41
38.217,2.81
38.225,6.59
38.233,8.56
38.241,7.94
38.249,5.81
38.257,4.75
38.265,5.75
38.273,6.88
38.281,5.75
38.289,2.66
38.297,0.0
38.305,-1.0
38.313,-1.16
38.321,-0.25
38.329,1.91
38.337,4.25
38.345,4.28
38.353,1.47
38.361,-2.31
38.369,-4.78
38.377,-5.06
38.385,-2.56
38.393,6.97
38.401,28.31
38.409,54.88
38.417,63.34
38.425,33.34
38.433,-24.5
38.441,-72.28
38.449,-77.16
38.457,-39.75
38.465,9.22
38.473,36.19
38.481,30.56
38.489,6.66
38.497,-12.88
38.505,-15.69
38.513,-5.78
38.521,5.16
38.529,9.13
38.537,6.06
38.545,0.88
38.553,-2.31
38.561,-1.94
38.569,1.59
38.577,6.41
38.585,10.0
38.593,10.28
38.601,7.28
38.609,3.72
38.617,1.75
38.625,1.91
38.633,2.72
38.641,2.06
38.649,-1.53
38.657,-7.81
38.665,-14.13
38.673,-17.87
38.681,-18.28
38.69,-16.31
38.701,-12.81
38.701,-9.09
38.714,-5.97
38.722,-3.66
38.73,-1.88
38.738,-0.94
38.746,-1.06
38.754,-1.91
38.762,-2.03
38.77,-0.72
38.778,1.16
38.786,1.78
38.794,0.75
38.802,-0.84
38.81,-2.16
38.818,-1.47
38.826,1.69
38.834,5.84
38.842,8.25
38.85,7.88
38.858,6.06
38.858,4.03
38.874,3.13
38.882,4.28
38.89,7.06
38.898,9.28
38.906,8.78
38.914,6.22
38.922,3.97
38.93,3.06
38.938,2.56
38.946,1.31
38.954,-0.59
38.962,-2.06
38.97,-1.84
38.978,-0.47
38.986,0.12
38.994,-1.12
39.002,-3.38
39.01,-4.34
39.018,-3.34
39.026,-0.91
39.034,1.97
39.042,6.91
39.05,18.41
39.058,39.22
39.066,58.47
39.074,53.5
39.082,12.69
39.09,-44.75
39.098,-81.84
39.106,-75.53
39.114,-34.44
39.122,11.78
39.13,36.28
39.138,31.91
39.146,10.78
39.154,-7.81
39.162,-11.5
39.17,-1.53
39.178,11.66
39.186,18.34
39.194,16.56
39.202,10.88
39.21,6.28
39.218,4.16
39.231,3.59
39.239,3.94
39.243,4.63
39.246,4.78
39.254,3.78
39.262,2.06
39.27,1.34
39.278,2.28
39.286,3.72
39.294,3.41
39.302,-0.44
39.31,-7.13
39.318,-13.59
39.326,-17.25
39.334,-17.75
39.35,-16.47
39.35,-14.22
39.358,-10.72
39.374,-6.22
39.382,-2.34
39.39,-0.22
39.398,0.81
39.406,1.69
39.414,1.91
39.422,0.25
39.422,-2.09
39.43,-2.66
39.438,-0.72
39.446,1.91
39.454,3.63
39.462,4.25
39.47,5.13
39.478,6.5
39.486,6.63
39.502,3.84
39.502,-0.84
39.51,-3.72
39.526,-1.5
39.526,4.78
39.534,10.28
39.55,10.66
39.558,5.84
39.566,0.06
39.574,-2.53
39.582,-0.09
39.59,5.44
39.598,9.13
39.606,7.47
39.606,1.5
39.614,-4.38
39.622,-6.94
39.63,-6.09
39.638,-3.84
39.646,-1.94
39.654,-0.81
39.662,0.0
39.67,0.41
39.678,0.44
39.686,0.31
39.702,0.91
39.702,5.66
39.71,20.28
39.726,44.16
39.734,60.16
39.742,43.53
39.752,-9.0
39.759,-66.87
39.763,-90.91
39.77,-67.69
39.778,-17.69
39.786,24.5
39.794,36.66
39.802,21.59
39.81,-1.31
39.818,-13.63
39.826,-10.03
39.834,2.34
39.842,12.56
39.85,14.38
39.858,9.47
39.866,3.22
39.874,0.34
39.882,1.09
39.89,3.28
39.898,5.44
39.906,7.38
39.914,8.78
39.922,8.34
39.93,6.09
39.938,4.38
39.946,4.81
39.954,6.03
39.962,5.13
39.97,-0.31
39.978,-8.88
39.986,-16.59
39.994,-19.34
40.002,-16.28
40.01,-9.75
40.018,-3.56
40.034,-0.34
40.034,-0.12
40.042,-0.91
40.05,-1.06
40.058,-0.75
40.066,0.03
40.074,1.53
40.082,3.59
40.09,4.53
40.098,3.28
40.106,0.81
40.114,-0.84
40.122,0.25
40.13,3.88
40.138,7.53
40.146,9.03
40.154,8.19
40.162,5.69
40.17,2.19
40.178,-1.69
40.186,-4.06
40.194,-3.84
40.202,-1.66
40.21,0.41
40.218,1.0
40.226,0.28
40.234,-0.94
40.242,-2.09
40.25,-2.25
40.258,0.37
40.266,4.94
40.274,7.59
40.284,6.0
40.292,1.53
40.303,-1.47
40.311,-1.31
40.319,0.09
40.327,-0.25
40.335,-2.59
40.343,-4.47
40.351,-4.5
40.359,-3.09
40.359,-1.84
40.367,-1.09
40.375,2.25
40.383,14.16
40.391,37.16
40.407,58.66
40.407,53.88
40.415,10.94
40.431,-49.03
40.431,-85.91
40.447,-76.16
40.455,-31.56
40.463,14.53
40.471,35.63
40.479,28.03
40.487,6.31
40.495,-10.69
40.503,-12.69
40.511,-2.41
40.519,9.75
40.527,15.09
40.535,12.25
40.543,5.16
40.543,-1.66
40.551,-4.84
40.559,-2.47
40.575,4.63
40.575,11.91
40.583,14.53
40.599,11.66
40.607,6.38
40.615,2.66
40.623,2.06
40.631,3.41
40.639,2.97
40.647,-1.56
40.655,-8.5
40.663,-14.03
40.671,-16.59
40.679,-16.5
40.687,-14.91
40.695,-12.5
40.703,-9.75
40.711,-7.22
40.719,-5.22
40.727,-3.97
40.727,-3.03
40.735,-1.75
40.751,0.28
40.759,2.25
40.759,3.5
40.775,4.31
40.783,4.63
40.791,4.44
40.799,4.22
40.807,4.41
40.816,4.78
40.824,4.44
40.832,3.69
40.837,3.28
40.843,2.78
40.851,1.19
40.859,-1.44
40.867,-2.5
40.875,-0.78
40.883,2.25
40.891,4.41
40.899,4.81
40.907,4.0
40.915,3.25
40.923,3.59
40.931,5.31
40.939,7.78
40.947,9.41
40.955,8.44
40.963,4.09
40.971,-1.22
40.979,-3.94
40.987,-2.25
40.995,1.66
41.003,4.34
41.011,3.97
41.019,1.5
41.027,-1.34
41.035,-4.28
41.043,-6.41
41.051,-4.41
41.059,6.56
41.067,29.12
41.075,55.22
41.083,62.59
41.091,31.91
41.099,-26.5
41.107,-74.53
41.115,-80.34
41.123,-44.75
41.131,3.66
41.139,34.25
41.147,35.88
41.155,17.19
41.163,-3.38
41.171,-12.34
41.179,-7.66
41.187,2.69
41.195,9.31
41.203,8.25
41.211,2.34
41.219,-2.72
41.227,-3.16
41.235,0.12
41.243,4.25
41.251,7.19
41.259,8.53
41.275,9.13
41.275,9.91
41.283,10.81
41.299,9.59
41.299,4.84
41.307,-2.06
41.315,-8.28
41.323,-12.41
41.331,-14.44
41.339,-13.88
41.348,-11.81
41.356,-10.75
41.364,-11.84
41.377,-13.59
41.385,-12.81
41.393,-8.94
41.401,-4.03
41.409,-0.03
41.417,3.31
41.425,6.34
41.433,8.22
41.441,7.38
41.449,3.38
41.457,-1.63
41.465,-3.94
41.473,-1.84
41.481,2.78
41.481,6.34
41.489,7.06
41.497,5.59
41.513,3.53
41.513,1.47
41.529,-0.56
41.529,-1.37
41.545,0.34
41.553,3.28
41.561,4.47
41.569,2.56
41.577,0.37
41.585,1.44
41.593,6.09
41.601,10.47
41.609,11.0
41.617,8.78
41.625,6.47
41.633,4.44
41.641,1.81
41.649,-1.44
41.657,-4.41
41.665,-6.66
41.665,-7.53
41.681,-6.19
41.681,-3.28
41.689,-0.19
41.705,0.97
41.705,0.03
41.721,-2.25
41.729,-3.03
41.737,3.63
41.745,23.28
41.753,50.5
41.761,62.63
41.769,36.78
41.777,-21.44
41.785,-75.19
41.793,-87.69
41.801,-53.94
41.809,-1.53
41.817,34.59
41.825,38.09
41.833,17.66
41.841,-5.47
41.849,-14.91
41.857,-8.47
41.857,4.25
41.865,12.31
41.877,10.72
41.89,2.78
41.897,-3.97
41.9,-3.72
41.908,2.59
41.916,9.41
41.924,11.69
41.932,8.78
41.94,4.53
41.948,3.19
41.956,5.16
41.964,7.94
41.98,8.44
41.98,5.13
41.988,-1.37
42.004,-8.44
42.004,-13.53
42.02,-15.84
42.028,-15.41
42.036,-13.19
42.044,-10.84
42.044,-9.91
42.052,-10.09
42.06,-9.84
42.068,-8.09
42.076,-5.5
42.084,-2.94
42.092,-0.91
42.1,-0.37
42.108,-1.88
42.116,-3.53
42.124,-1.94
42.132,3.78
42.14,10.41
42.156,12.88
42.156,8.63
42.164,0.37
42.18,-6.44
42.188,-7.88
42.196,-4.13
42.204,1.16
42.212,4.66
42.22,5.22
42.228,3.84
42.236,2.03
42.236,1.16
42.244,1.75
42.252,4.06
42.26,7.5
42.268,10.34
42.276,10.44
42.284,7.69
42.292,4.84
42.3,4.03
42.308,4.31
42.316,3.94
42.332,2.69
42.332,1.5
42.34,0.75
42.356,-0.12
42.364,-0.75
42.372,-0.94
42.38,-0.41
42.388,0.47
42.396,1.5
42.404,2.34
42.413,3.78
42.42,10.94
42.428,29.72
42.434,53.34
42.442,57.22
42.45,22.66
42.458,-36.25
42.466,-79.62
42.474,-78.12
42.482,-36.78
42.49,12.0
42.498,38.06
42.506,33.34
42.514,11.31
42.522,-8.22
42.53,-13.44
42.538,-5.44
42.546,6.13
42.554,12.09
42.562,9.75
42.57,3.63
42.578,-0.44
42.586,-0.22
42.594,2.63
42.602,4.91
42.61,4.97
42.61,3.25
42.626,1.12
42.634,-0.78
42.642,-1.91
42.65,-1.66
42.658,0.06
42.666,1.5
42.674,-0.22
42.682,-6.03
42.69,-13.56
42.698,-18.34
42.706,-17.0
42.714,-9.56
42.722,0.34
42.73,7.47
42.738,9.03
42.746,6.19
42.754,2.31
42.762,0.16
42.77,0.56
42.778,2.56
42.786,3.66
42.794,2.69
42.802,0.91
42.81,-0.59
42.818,-1.72
42.826,-2.22
42.834,-0.78
42.842,2.47
42.85,5.72
42.858,7.13
42.866,6.44
42.874,4.13
42.882,0.88
42.89,-2.47
42.898,-4.13
42.906,-3.09
42.913,0.19
42.921,3.97
42.929,6.5
42.941,6.97
42.951,5.75
42.958,4.25
42.959,3.34
42.967,3.19
42.975,3.13
42.983,3.47
42.991,5.19
42.999,8.34
43.007,9.97
43.015,7.47
43.023,1.66
43.031,-3.81
43.039,-6.31
43.047,-6.38
43.055,-5.56
43.063,-4.41
43.071,-2.78
43.079,-1.69
43.087,-2.66
43.095,-5.81
43.103,-8.66
43.111,-7.59
43.127,1.94
43.127,22.56
43.135,47.47
43.151,56.0
43.151,29.25
43.159,-24.87
43.167,-70.87
43.175,-76.72
43.183,-42.28
43.191,3.16
43.199,28.91
43.207,25.22
43.215,4.38
43.223,-13.22
43.231,-15.94
43.239,-5.78
43.247,6.59
43.255,12.72
43.263,11.25
43.271,6.5
43.279,4.25
43.287,6.91
43.303,11.72
43.303,13.44
43.311,10.25
43.327,4.53
43.327,-0.16
43.335,-2.0
43.351,-1.19
43.359,0.66
43.359,1.31
43.367,-0.41
43.375,-4.31
43.383,-8.78
43.391,-12.38
43.399,-14.72
43.407,-15.72
43.415,-15.06
43.423,-13.59
43.431,-12.56
43.439,-12.28
43.447,-10.75
43.455,-6.47
43.464,-1.03
43.472,2.66
43.484,3.41
43.492,2.91
43.5,3.84
43.508,6.44
43.516,8.81
43.524,8.97
43.532,6.59
43.54,3.19
43.548,0.16
43.556,-1.56
43.556,-1.16
43.564,1.12
43.58,3.25
43.588,2.78
43.596,0.66
43.604,0.22
43.612,3.09
43.62,6.88
43.628,8.34
43.636,7.16
43.644,5.63
43.652,5.22
43.66,5.91
43.668,5.34
43.676,2.47
43.684,-1.19
43.692,-2.0
43.7,1.75
43.708,7.97
43.716,11.84
43.724,11.16
43.732,8.06
43.732,5.56
43.74,3.56
43.756,0.84
43.764,-2.0
43.772,-3.25
43.78,-2.03
43.788,0.56
43.796,1.84
43.804,1.31
43.812,0.75
43.82,1.56
43.828,3.88
43.836,6.53
43.844,7.78
43.852,8.88
43.86,15.59
43.868,32.22
43.876,51.47
43.884,51.88
43.892,18.75
43.9,-34.69
43.908,-73.84
43.916,-73.97
43.924,-39.53
43.932,3.22
43.94,28.41
43.948,26.75
43.956,8.66
43.964,-7.97
43.972,-11.72
43.98,-4.38
43.989,5.16
43.996,10.03
44.004,9.53
44.009,6.38
44.017,3.66
44.025,2.47
44.033,2.88
44.041,4.19
44.049,5.63
44.057,6.5
44.065,6.81
44.073,6.44
44.081,5.88
44.089,5.56
44.097,4.13
44.105,-0.28
44.113,-7.09
44.121,-12.94
44.129,-15.25
44.137,-14.81
44.145,-13.59
44.153,-12.94
44.161,-12.5
44.169,-11.28
44.177,-9.78
44.189,-9.78
44.194,-10.22
44.202,-8.88
44.21,-5.66
44.218,-2.94
44.226,-2.19
44.234,-3.0
44.242,-3.19
44.25,-1.41
44.258,2.06
44.266,4.59
44.274,4.38
44.282,2.41
44.29,0.91
44.298,0.72
44.306,0.91
44.314,0.56
44.322,-0.59
44.33,-1.34
44.338,0.41
44.346,5.0
44.354,9.72
44.362,10.59
44.37,6.97
44.378,1.84
44.386,-0.91
44.394,0.34
44.402,3.53
44.41,5.25
44.418,4.0
44.426,1.69
44.434,1.22
44.442,3.22
44.45,5.91
44.458,7.47
44.466,7.41
44.474,5.66
44.482,2.88
44.49,-0.91
44.498,-5.84
44.506,-10.94
44.519,-13.59
44.527,-12.03
44.534,-6.75
44.537,-0.25
44.545,4.5
44.553,5.91
44.561,4.22
44.569,1.5
44.577,1.59
44.585,9.94
44.593,30.69
44.601,57.34
44.609,68.09
44.617,41.81
44.625,-15.22
44.633,-67.81
44.641,-81.31
44.657,-50.34
44.665,-1.69
44.673,30.72
44.673,32.53
44.681,14.38
44.689,-3.28
44.697,-8.75
44.705,-2.5
44.713,7.38
44.721,13.41
44.729,12.34
44.737,6.13
44.745,-0.44
44.753,-2.84
44.761,-0.16
44.777,4.47
44.777,7.44
44.785,7.75
44.801,7.53
44.801,7.97
44.809,7.97
44.825,6.09
44.833,2.5
44.841,-1.91
44.849,-6.09
44.857,-9.47
44.857,-12.13
44.865,-14.78
44.873,-16.5
44.881,-16.03
44.889,-13.94
44.897,-12.28
44.905,-11.63
44.913,-10.5
44.921,-7.88
44.929,-3.91
44.937,-0.59
44.953,0.25
44.953,-1.41
44.961,-2.97
44.977,-2.28
44.977,0.19
44.985,2.63
45.001,4.09
45.009,4.25
45.017,3.47
45.025,2.69
45.033,2.13
45.042,0.97
45.052,0.16
45.057,1.47
45.064,4.59
45.064,6.44
45.08,5.34
45.08,2.5
45.088,1.22
45.104,2.91
45.112,5.53
45.12,6.09
45.128,3.91
45.136,1.19
45.144,0.22
45.152,1.72
45.16,4.59
45.168,7.22
45.176,8.13
45.184,7.31
45.192,5.53
45.2,3.28
45.208,1.0
45.216,-1.41
45.224,-4.56
45.232,-7.31
45.232,-8.0
45.24,-6.09
45.256,-3.34
45.264,-1.28
45.264,-0.66
45.28,-1.69
45.288,-3.28
45.296,-2.72
45.304,6.03
45.312,28.03
45.32,54.22
45.328,58.91
45.336,23.72
45.344,-36.13
45.352,-79.81
45.36,-76.87
45.368,-33.53
45.376,16.28
45.384,41.13
45.392,34.41
45.4,12.0
45.408,-5.44
45.416,-8.25
45.416,-0.91
45.432,6.75
45.432,8.28
45.448,3.31
45.456,-3.66
45.464,-7.53
45.472,-6.41
45.48,-2.25
45.488,2.16
45.496,5.0
45.504,5.81
45.512,5.94
45.52,7.34
45.528,9.78
45.536,11.25
45.544,9.78
45.552,5.81
45.56,0.91
45.569,-3.13
45.577,-6.47
45.581,-9.59
45.59,-12.22
45.598,-12.84
45.606,-10.31
45.614,-5.31
45.622,-0.56
45.63,1.94
45.638,1.84
45.646,-0.59
45.654,-4.63
45.662,-7.72
45.67,-7.28
45.678,-2.44
45.686,3.91
45.694,7.5
45.702,6.41
45.71,2.66
45.718,0.22
45.726,1.16
45.734,4.38
45.742,7.25
45.75,7.69
45.758,5.53
45.766,2.09
45.774,-0.81
45.782,-2.0
45.79,-1.78
45.798,-0.91
45.806,-0.03
45.814,0.47
45.822,0.78
45.83,1.44
45.838,2.0
45.846,1.59
45.854,0.44
45.862,-0.03
45.87,0.16
45.878,-0.34
45.886,-2.75
45.894,-6.41
45.902,-9.19
45.91,-9.41
45.918,-6.88
45.926,-3.72
45.934,-1.88
45.942,-2.72
45.95,-5.22
45.958,-6.63
45.966,-4.5
45.974,1.5
45.982,12.69
45.99,31.75
45.998,52.09
46.006,53.03
46.014,18.25
46.022,-38.5
46.03,-79.19
46.038,-75.53
46.046,-33.44
46.054,15.63
46.062,41.31
46.07,35.41
46.078,12.19
46.086,-7.0
46.095,-10.16
46.107,-0.03
46.116,12.31
46.116,17.69
46.132,14.38
46.132,6.06
46.148,-1.94
46.156,-4.81
46.164,-0.5
46.172,8.81
46.172,17.28
46.18,20.25
46.188,17.59
46.196,12.59
46.204,8.91
46.212,7.63
46.22,6.94
46.228,4.41
46.236,-1.03
46.244,-8.59
46.252,-15.69
46.26,-19.78
46.268,-19.87
46.276,-17.41
46.284,-14.94
46.292,-13.5
46.308,-11.53
46.316,-8.0
46.324,-3.66
46.332,-0.56
46.34,0.25
46.348,-0.47
46.356,-0.94
46.356,-0.88
46.364,-1.53
46.372,-2.72
46.38,-2.78
46.388,-0.72
46.396,2.53
46.404,5.47
46.412,6.97
46.42,6.66
46.428,4.91
46.436,2.53
46.444,0.31
46.452,-0.94
46.46,-1.63
46.468,-2.66
46.484,-4.97
46.492,-7.63
46.5,-7.66
46.508,-3.84
46.516,1.66
46.524,5.53
46.532,6.78
46.54,7.09
46.548,8.94
46.548,11.69
46.556,11.84
46.564,7.13
46.572,-0.41
46.58,-6.53
46.588,-7.94
46.604,-4.88
46.604,-0.59
46.612,1.66
46.629,0.63
46.636,-2.0
46.643,-3.5
46.651,-2.88
46.659,-0.16
46.667,7.81
46.675,25.75
46.683,46.72
46.691,48.06
46.699,13.47
46.707,-41.97
46.715,-79.62
46.723,-72.16
46.731,-27.5
46.739,21.22
46.739,44.41
46.755,36.13
46.755,12.31
46.763,-5.44
46.779,-6.34
46.779,4.81
46.795,15.66
46.803,17.87
46.811,12.0
46.819,4.28
46.827,0.63
46.835,3.13
46.843,9.03
46.851,13.91
46.859,15.5
46.867,14.5
46.875,12.78
46.883,10.88
46.891,8.72
46.899,6.09
46.907,2.75
46.915,-1.56
46.915,-6.59
46.923,-10.91
46.931,-13.03
46.939,-12.31
46.955,-10.09
46.955,-7.91
46.963,-6.28
46.979,-4.97
46.979,-4.34
46.995,-4.72
47.003,-6.16
47.011,-7.5
47.019,-7.16
47.027,-4.09
47.035,0.19
47.043,2.84
47.051,2.0
47.059,-1.03
47.067,-3.28
47.075,-3.09
47.083,-1.16
47.091,0.37
47.099,0.56
47.107,-0.16
47.107,-1.34
47.115,-1.75
47.131,-0.56
47.139,1.56
47.147,2.72
47.157,1.78
47.164,-0.19
47.172,-1.44
47.174,-1.31
47.182,-0.63
47.19,-0.34
47.198,-0.53
47.206,-1.06
47.214,-0.88
47.222,0.69
47.23,2.69
47.238,3.88
47.254,3.81
47.262,2.63
47.27,0.56
47.278,-2.88
47.286,-7.28
47.294,-10.56
47.302,-10.63
47.302,-7.22
47.31,-2.47
47.318,1.19
47.326,3.38
47.334,5.16
47.342,6.78
47.35,8.16
47.358,12.47
47.366,25.81
47.374,46.0
47.382,53.59
47.39,28.25
47.398,-24.12
47.406,-70.47
47.414,-79.16
47.43,-47.72
47.438,-1.66
47.446,28.37
47.454,29.09
47.462,10.75
47.47,-5.88
47.478,-7.19
47.486,5.06
47.486,19.94
47.494,27.19
47.502,23.78
47.51,13.72
47.518,3.94
47.526,-0.31
47.534,1.63
47.542,5.88
47.55,7.69
47.558,5.69
47.566,1.84
47.582,-0.84
47.582,-0.5
47.59,0.84
47.606,0.63
47.614,-1.94
47.622,-5.97
47.63,-9.84
47.638,-12.69
47.646,-13.75
47.654,-13.72
47.662,-13.41
47.67,-12.75
47.67,-10.78
47.681,-7.13
47.69,-3.25
47.7,-0.69
47.708,0.91
47.716,2.22
47.724,3.5
47.732,4.88
47.74,6.22
47.748,6.31
47.756,4.09
47.764,0.41
47.772,-2.38
47.78,-2.09
47.788,1.12
47.796,4.56
47.804,6.0
47.812,5.88
47.82,6.34
47.828,8.34
47.837,11.0
47.845,12.09
47.853,10.47
47.861,6.53
47.861,2.38
47.877,0.03
47.885,0.34
47.893,1.66
47.901,2.56
47.909,3.09
47.917,3.88
47.925,4.81
47.933,5.22
47.941,4.5
47.949,1.75
47.957,-3.38
47.965,-9.5
47.973,-13.75
47.981,-14.38
47.989,-11.97
47.997,-8.5
48.005,-5.56
48.013,-4.25
48.021,-5.09
48.029,-6.91
48.037,-6.91
48.045,-1.37
48.053,13.47
48.061,37.56
48.069,57.53
48.077,49.94
48.085,4.44
48.093,-55.84
48.101,-90.84
48.109,-78.34
48.117,-30.37
48.125,18.97
48.133,40.66
48.141,30.22
48.149,5.28
48.157,-12.81
48.165,-13.59
48.173,-1.0
48.181,13.06
48.189,18.56
48.197,14.41
48.206,6.5
48.214,1.91
48.222,3.59
48.23,10.41
48.238,18.41
48.238,23.22
48.254,22.75
48.254,17.72
48.262,10.16
48.278,3.25
48.278,0.31
48.286,1.59
48.302,2.94
48.31,-0.72
48.318,-9.16
48.326,-16.78
48.334,-18.31
48.342,-13.53
48.35,-6.91
48.358,-2.13
48.366,0.34
48.374,1.47
48.382,2.13
48.39,2.84
48.398,4.22
48.406,6.63
48.414,9.81
48.422,12.56
48.43,13.34
48.43,11.56
48.438,8.88
48.454,7.28
48.454,7.06
48.462,6.44
48.478,3.91
48.486,0.66
48.494,-0.44
48.502,1.03
48.51,3.41
48.518,5.47
48.526,7.78
48.534,9.91
48.542,10.19
48.55,7.78
48.558,4.41
48.566,2.34
48.574,3.47
48.582,6.88
48.59,9.5
48.598,9.28
48.606,6.63
48.606,3.69
48.614,1.66
48.63,0.34
48.63,-0.66
48.638,-1.41
48.654,-2.19
48.654,-3.5
48.662,-5.88
48.678,-8.34
48.686,-9.53
48.694,-9.03
48.702,-8.44
48.71,-9.34
48.718,-10.66
48.728,-7.13
48.736,7.91
48.741,33.41
48.749,51.97
48.757,39.53
48.765,-7.72
48.773,-62.59
48.781,-88.44
48.789,-70.03
48.797,-23.81
48.805,18.03
48.813,32.34
48.821,19.03
48.829,-4.56
48.837,-19.78
48.845,-17.62
48.853,-2.38
48.861,13.78
48.869,19.78
48.877,14.03
48.885,3.44
48.893,-4.13
48.901,-5.84
48.909,-2.56
48.917,3.59
48.925,9.47
48.933,12.5
48.941,11.94
48.949,7.59
48.957,0.5
48.965,-6.19
48.973,-9.53
48.981,-9.75
48.989,-8.88
48.997,-9.0
49.005,-10.5
49.013,-13.06
49.021,-15.03
49.029,-14.66
49.037,-11.06
49.045,-5.25
49.053,0.5
49.061,3.5
49.069,2.81
49.077,0.5
49.086,-0.91
49.094,-0.81
49.102,-0.47
49.11,-0.44
49.118,-0.19
49.126,1.25
49.134,3.09
49.142,4.66
49.15,5.88
49.158,7.69
49.166,9.06
49.174,8.16
49.182,5.53
49.19,3.34
49.198,2.59
49.206,3.19
49.214,4.59
49.222,5.72
49.23,5.69
49.238,4.53
49.246,2.91
49.258,1.5
49.264,0.91
49.272,1.56
49.28,2.66
49.288,3.66
49.296,5.09
49.304,6.38
49.312,6.03
49.32,4.31
49.328,2.44
49.336,0.78
49.344,-0.69
49.352,-2.25
49.352,-3.56
49.36,-3.53
49.368,-1.56
49.384,1.53
49.384,4.0
49.4,4.88
49.408,4.63
49.416,4.75
49.424,10.34
49.432,27.37
49.44,51.97
49.448,62.88
49.456,38.59
49.464,-15.69
49.472,-66.84
49.48,-82.22
49.488,-55.69
49.496,-9.81
49.504,25.31
49.512,33.13
49.52,18.03
49.528,-2.78
49.537,-13.28
49.545,-8.91
49.545,3.41
49.553,13.72
49.561,15.69
49.569,9.84
49.577,1.5
49.585,-3.13
49.601,-1.44
49.609,4.34
49.617,9.84
49.625,12.13
49.633,11.03
49.641,8.38
49.649,5.91
49.657,4.34
49.665,3.25
49.673,1.56
49.681,-1.12
49.689,-4.47
49.697,-7.94
49.705,-11.31
49.713,-14.38
49.721,-16.41
49.729,-16.37
49.729,-13.38
49.737,-7.66
49.745,-1.25
49.761,3.06
49.761,3.13
49.778,0.06
49.779,-3.0
49.79,-4.19
49.799,-3.66
49.807,-2.75
49.815,-2.09
49.823,-2.22
49.831,-2.84
49.839,-3.0
49.847,-2.16
49.855,-0.59
49.863,0.63
49.871,1.66
49.879,2.78
49.887,3.53
49.895,2.66
49.903,0.19
49.911,-2.38
49.919,-3.56
49.927,-3.06
49.935,-2.09
49.943,-1.47
49.951,-0.12
49.959,2.53
49.967,4.78
49.975,4.84
49.983,3.13
49.991,1.78
49.999,1.34
50.007,0.59
50.015,-2.06
50.023,-6.06
50.031,-8.41
50.039,-7.22
50.055,-3.78
50.063,-1.09
50.071,-0.72
50.071,-1.72
50.079,-1.56
50.087,0.66
50.095,3.22
50.103,4.09
50.111,5.09
50.119,13.47
50.127,35.22
50.135,61.47
50.143,66.34
50.151,30.69
50.159,-31.41
50.167,-78.66
50.175,-80.16
50.183,-40.28
50.191,9.38
50.199,37.72
50.207,34.97
50.215,13.06
50.223,-8.09
50.231,-15.72
50.239,-10.06
50.247,0.28
50.255,6.25
50.263,5.13
50.271,1.28
50.279,-0.12
50.287,2.66
50.295,7.44
50.305,11.03
50.313,11.34
50.321,9.06
50.332,6.47
50.333,4.84
50.341,4.38
50.349,4.41
50.357,4.03
50.365,1.75
50.373,-2.72
50.381,-7.28
50.389,-9.88
50.405,-11.06
50.405,-12.59
50.413,-13.25
50.429,-11.28
50.429,-6.72
50.437,-2.06
50.453,0.5
50.461,0.5
50.461,-0.28
50.477,-0.22
50.485,0.63
50.485,0.53
50.493,-1.56
50.501,-4.22
50.509,-4.63
50.517,-1.69
50.525,2.94
50.533,6.28
50.541,5.59
50.549,1.59
50.557,-2.47
50.565,-4.03
50.573,-2.16
50.581,1.94
50.589,5.97
50.605,7.47
50.605,5.66
50.613,1.97
50.629,-1.28
50.637,-2.88
50.645,-2.81
50.653,-1.91
50.661,-0.34
50.669,1.63
50.677,3.16
50.677,3.25
50.685,1.75
50.693,0.03
50.701,-0.12
50.709,0.84
50.717,1.03
50.725,-0.75
50.733,-3.84
50.741,-6.41
50.749,-6.66
50.757,-3.97
50.765,-0.25
50.773,2.88
50.781,4.97
50.789,5.97
50.805,5.59
50.813,4.13
50.821,4.47
50.829,13.5
50.838,34.81
50.846,57.09
50.854,55.34
50.864,15.22
50.864,-44.44
50.872,-83.87
50.88,-77.37
50.896,-34.13
50.896,13.41
50.904,36.03
50.912,27.28
50.92,3.06
50.928,-15.06
50.936,-15.28
50.944,-1.78
50.952,12.53
50.96,17.31
50.968,11.31
50.976,0.63
50.984,-6.53
50.992,-6.25
51.008,0.0
51.008,7.91
51.016,13.31
51.032,13.91
51.032,9.75
51.04,3.63
51.048,-0.66
51.056,-1.34
51.064,0.53
51.08,1.78
51.08,-0.16
51.088,-5.56
51.096,-11.88
51.104,-16.69
51.112,-18.75
51.12,-17.84
51.128,-13.22
51.136,-6.19
51.144,0.41
51.152,3.28
51.16,1.28
51.168,-3.59
51.176,-7.5
51.184,-7.44
51.192,-3.81
51.2,0.44
51.208,2.47
51.216,1.63
51.224,0.0
51.232,-0.59
51.24,-0.37
51.248,-0.19
51.256,0.22
51.264,0.97
51.272,2.0
51.28,2.69
51.288,2.59
51.296,2.13
51.304,1.66
51.312,0.81
51.32,0.19
51.328,1.81
51.336,6.5
51.344,12.06
51.352,14.34
51.36,11.06
51.374,4.81
51.383,0.69
51.391,0.94
51.399,3.78
51.407,4.88
51.415,1.03
51.423,-7.28
51.423,-15.22
51.439,-16.62
51.439,-9.69
51.455,1.22
51.463,8.63
51.463,8.75
51.471,4.47
51.479,1.16
51.487,1.94
51.495,8.97
51.503,25.16
51.511,48.59
51.519,62.31
51.535,43.31
51.535,-9.06
51.543,-62.44
51.559,-79.69
51.567,-52.22
51.575,-4.34
51.583,30.34
51.591,34.34
51.599,14.81
51.607,-6.97
51.615,-15.16
51.623,-9.31
51.631,-0.06
51.631,2.78
51.639,-0.88
51.647,-4.19
51.655,-2.53
51.663,2.09
51.671,5.31
51.679,6.22
51.687,6.59
51.695,7.88
51.703,9.69
51.719,9.78
51.719,6.75
51.735,2.0
51.743,-2.13
51.751,-4.16
51.759,-4.81
51.767,-5.75
51.775,-8.19
51.783,-11.59
51.791,-14.63
51.799,-16.41
51.807,-15.66
51.815,-11.84
51.823,-6.63
51.831,-3.38
51.839,-3.16
51.839,-4.22
51.847,-3.97
51.855,-1.16
51.863,2.69
51.879,4.94
51.879,4.47
51.887,2.59
51.903,1.44
51.909,1.94
51.917,3.47
51.925,4.47
51.933,4.78
51.941,5.09
51.949,6.47
51.957,8.47
51.965,9.41
51.973,7.59
51.981,4.0
51.981,1.09
51.989,0.63
52.005,2.06
52.013,4.59
52.021,7.19
52.029,8.81
52.037,8.56
52.045,6.41
52.053,3.78
52.061,2.5
52.069,3.0
52.077,3.88
52.085,3.34
52.093,-0.25
52.101,-6.28
52.109,-10.47
52.117,-8.81
52.125,-2.34
52.133,4.06
52.141,5.78
52.149,2.31
52.157,-2.84
52.165,-4.59
52.173,1.78
52.181,18.53
52.189,43.31
52.197,62.03
52.205,52.88
52.213,7.63
52.221,-50.47
52.229,-82.81
52.237,-68.87
52.245,-22.78
52.253,22.19
52.261,40.31
52.269,29.37
52.277,5.53
52.285,-12.28
52.293,-14.66
52.301,-3.41
52.309,11.25
52.317,19.28
52.325,16.37
52.333,6.72
52.341,-2.16
52.349,-5.22
52.357,-2.53
52.365,2.72
52.365,6.78
52.381,7.19
52.389,4.41
52.397,1.19
52.405,0.12
52.413,1.16
52.421,1.81
52.431,-1.28
52.439,-8.84
52.449,-17.44
52.451,-22.69
52.459,-22.37
52.467,-18.72
52.475,-14.5
52.483,-11.31
52.491,-9.16
52.499,-7.91
52.507,-6.66
52.515,-4.72
52.523,-2.94
52.531,-2.28
52.539,-2.28
52.547,-1.44
52.555,0.81
52.563,3.44
52.571,5.03
52.579,5.56
52.587,5.56
52.595,4.88
52.603,3.28
52.611,1.47
52.619,0.41
52.627,1.0
52.635,3.19
52.643,5.84
52.651,7.22
52.659,6.97
52.667,5.69
52.675,4.53
52.683,4.19
52.691,4.03
52.699,2.97
52.707,0.37
52.715,-1.47
52.731,-0.16
52.731,3.66
52.739,7.28
52.747,8.72
52.755,7.69
52.763,5.25
52.771,3.09
52.779,2.34
52.787,2.78
52.803,3.63
52.803,4.47
52.811,4.56
52.819,3.63
52.827,2.56
52.835,3.25
52.843,7.94
52.851,20.28
52.859,41.31
52.867,59.22
52.875,51.09
52.891,6.78
52.891,-51.38
52.907,-84.66
52.907,-71.87
52.915,-25.56
52.931,20.78
52.931,40.22
52.939,29.44
52.947,5.31
52.955,-11.31
52.97,-10.81
52.975,1.53
52.983,14.0
52.993,18.25
52.994,13.31
53.002,4.47
53.01,-2.19
53.018,-3.66
53.034,-1.06
53.034,2.94
53.05,5.91
53.058,7.0
53.066,6.63
53.074,4.84
53.082,1.88
53.09,-1.31
53.098,-3.31
53.106,-4.13
53.106,-5.63
53.114,-9.0
53.13,-13.41
53.13,-16.53
53.138,-16.72
53.146,-13.94
53.154,-9.75
53.162,-5.25
53.17,-1.41
53.178,1.5
53.186,2.59
53.194,1.28
53.202,-1.84
53.21,-4.41
53.218,-4.53
53.234,-2.72
53.242,-1.19
53.25,-1.16
53.258,-1.72
53.266,-2.41
53.274,-3.66
53.282,-4.44
53.29,-2.16
53.298,3.72
53.298,9.59
53.306,11.03
53.314,7.66
53.322,2.72
53.33,0.37
53.338,1.81
53.346,4.66
53.354,5.63
53.362,3.78
53.37,1.06
53.378,-0.31
53.386,0.78
53.394,2.88
53.41,3.59
53.418,2.84
53.426,2.88
53.434,4.0
53.442,4.38
53.45,2.63
53.458,-0.84
53.466,-4.34
53.474,-5.63
53.482,-3.97
53.482,-1.19
53.49,0.56
53.501,1.03
53.514,1.19
53.514,0.22
53.525,-2.19
53.533,-4.66
53.541,-3.25
53.549,7.94
53.557,32.09
53.565,57.5
53.573,58.13
53.581,18.81
53.589,-41.19
53.597,-80.87
53.605,-74.28
53.613,-30.28
53.621,17.59
53.629,40.13
53.637,31.87
53.645,9.19
53.653,-7.53
53.661,-9.09
53.669,0.09
53.677,10.19
53.686,15.09
53.694,14.31
53.702,10.19
53.71,5.72
53.718,2.91
53.726,2.81
53.734,5.16
53.742,8.22
53.75,10.41
53.758,10.88
53.766,9.69
53.774,6.78
53.782,2.25
53.79,-3.31
53.798,-8.81
53.806,-12.44
53.814,-13.88
53.822,-13.94
53.83,-14.56
53.838,-16.12
53.846,-16.41
53.854,-12.47
53.862,-4.59
53.87,3.34
53.878,7.06
53.886,5.03
53.894,0.5
53.902,-2.22
53.91,-1.72
53.918,0.34
53.926,1.88
53.934,2.19
53.942,2.0
53.95,1.25
53.958,0.63
53.966,1.37
53.974,3.66
53.982,5.81
53.99,5.75
53.998,4.06
54.006,2.5
54.014,2.0
54.022,2.13
54.03,1.31
54.039,-0.91
54.048,-3.53
54.056,-5.06
54.061,-4.25
54.069,-1.31
54.077,2.53
54.085,5.63
54.093,6.25
54.101,4.06
54.109,1.06
54.117,0.53
54.125,3.59
54.133,6.94
54.141,6.03
54.157,1.06
54.157,-3.91
54.165,-5.44
54.173,-3.25
54.18,0.53
54.189,3.47
54.205,3.69
54.213,1.81
54.221,-1.06
54.229,-3.44
54.236,-3.63
54.236,0.56
54.244,11.91
54.252,32.44
54.26,55.09
54.268,60.06
54.276,30.22
54.284,-24.75
54.292,-71.09
54.3,-79.19
54.308,-48.13
54.316,-3.09
54.332,27.09
54.332,30.12
54.34,13.81
54.356,-4.19
54.356,-10.66
54.364,-4.59
54.38,5.78
54.38,12.13
54.396,11.81
54.405,7.31
54.412,2.94
54.42,1.06
54.42,1.25
54.428,2.09
54.436,3.38
54.444,5.44
54.452,6.94
54.46,5.72
54.468,2.22
54.476,-0.81
54.484,-0.81
54.492,0.78
54.5,0.63
54.508,-3.88
54.516,-10.53
54.532,-14.94
54.532,-15.16
54.54,-13.13
54.556,-11.19
54.565,-9.44
54.573,-6.66
54.581,-3.25
54.586,-1.12
54.594,-1.25
54.602,-2.06
54.61,-1.53
54.618,0.78
54.626,3.5
54.634,4.72
54.642,4.31
54.65,3.38
54.658,2.66
54.666,2.66
54.674,2.84
54.682,2.5
54.69,1.78
54.698,1.03
54.706,1.06
54.714,2.13
54.722,3.59
54.73,4.81
54.738,4.59
54.746,2.63
54.754,0.28
54.762,-0.63
54.77,0.37
54.778,2.28
54.786,3.97
54.794,4.97
54.794,5.53
54.81,5.94
54.818,5.5
54.826,3.44
54.834,1.06
54.842,-0.22
54.85,-0.16
54.858,0.63
54.866,1.53
54.874,2.19
54.882,1.59
54.89,-0.5
54.898,-3.41
54.906,-5.53
54.914,-6.13
54.922,-5.19
54.93,-4.0
54.938,-2.66
54.946,1.0
54.954,11.72
54.962,33.06
54.97,56.16
54.978,57.88
54.986,22.53
54.994,-33.91
55.002,-72.72
55.01,-68.5
55.018,-29.37
55.026,13.94
55.034,34.69
55.042,27.12
55.05,5.63
55.058,-10.34
55.066,-10.84
55.074,0.03
55.082,11.81
55.093,15.88
55.101,10.38
55.11,0.75
55.114,-4.56
55.122,-2.09
55.13,5.16
55.138,12.03
55.146,16.06
55.154,17.03
55.162,15.41
55.17,11.44
55.178,5.75
55.186,-0.34
55.194,-5.31
55.202,-8.81
55.21,-11.41
55.218,-13.03
55.226,-14.31
55.234,-15.84
55.242,-17.19
55.25,-16.94
55.258,-14.16
55.266,-9.53
55.274,-5.19
55.281,-3.03
55.29,-3.19
55.298,-4.72
55.306,-5.59
55.313,-4.16
55.321,-0.97
55.33,1.63
55.337,1.47
55.345,-0.75
55.353,-2.06
55.361,-0.81
55.369,1.88
55.377,3.41
55.385,2.66
55.393,1.03
55.401,0.69
55.409,2.41
55.417,5.41
55.425,7.75
55.433,8.13
55.441,5.78
55.449,1.72
55.457,-1.28
55.465,-1.37
55.473,0.53
55.481,2.22
55.489,3.03
55.497,3.25
55.505,3.94
55.513,4.66
55.521,4.13
55.529,2.03
55.537,-0.37
55.545,-2.09
55.553,-2.53
55.561,-1.41
55.569,1.06
55.577,3.16
55.585,3.19
55.593,1.47
55.601,-0.28
55.609,0.53
55.622,7.34
55.63,23.69
55.638,44.47
55.64,50.34
55.648,23.34
55.656,-28.97
55.664,-72.69
55.672,-77.06
55.68,-40.47
55.688,8.91
55.696,38.78
55.712,36.28
55.712,12.53
55.728,-10.75
55.736,-17.72
55.736,-8.16
55.744,7.19
55.752,16.75
55.76,16.28
55.768,9.63
55.776,3.47
55.784,2.03
55.792,4.13
55.8,6.22
55.808,6.44
55.816,5.28
55.824,3.94
55.832,3.19
55.84,3.34
55.848,3.66
55.856,2.84
55.864,0.12
55.88,-4.47
55.88,-9.91
55.888,-14.59
55.904,-17.44
55.912,-17.19
55.92,-14.09
55.92,-10.25
55.928,-7.59
55.936,-5.94
55.944,-3.72
55.952,-0.06
55.96,4.06
55.968,5.72
55.976,3.09
55.984,-2.19
55.992,-5.53
56.0,-4.31
56.008,0.5
56.016,5.31
56.024,7.53
56.032,6.47
56.04,3.19
56.056,-0.06
56.056,-1.72
56.064,-0.84
56.08,1.37
56.08,2.94
56.096,2.78
56.104,1.97
56.112,2.0
56.112,2.91
56.12,4.03
56.128,4.0
56.139,1.72
56.146,-1.28
56.156,-1.5
56.164,2.28
56.172,6.16
56.18,5.94
56.188,1.56
56.196,-3.72
56.204,-6.69
56.212,-5.5
56.22,-0.22
56.228,6.19
56.236,9.25
56.244,6.94
56.252,1.5
56.26,-2.16
56.268,-0.81
56.276,5.28
56.284,15.16
56.292,30.31
56.3,47.31
56.308,49.81
56.316,21.66
56.324,-29.75
56.332,-71.94
56.34,-76.22
56.348,-41.66
56.356,5.41
56.364,34.81
56.372,34.56
56.38,14.78
56.388,-5.0
56.396,-11.94
56.404,-6.31
56.412,3.34
56.42,9.84
56.428,11.22
56.438,9.03
56.445,6.16
56.453,4.72
56.461,5.31
56.469,6.84
56.477,7.38
56.485,6.25
56.493,4.97
56.501,5.13
56.509,6.69
56.517,7.69
56.525,6.13
56.533,1.81
56.541,-3.91
56.549,-9.69
56.557,-14.38
56.565,-17.56
56.573,-19.62
56.581,-20.53
56.589,-20.0
56.597,-17.87
56.605,-15.5
56.613,-12.72
56.621,-9.03
56.629,-4.72
56.637,-1.59
56.645,-1.06
56.653,-1.78
56.661,-1.37
56.669,1.53
56.678,4.91
56.686,5.19
56.692,1.69
56.7,-1.88
56.708,-1.31
56.716,3.38
56.724,8.06
56.732,9.47
56.74,8.0
56.748,6.06
56.756,4.84
56.764,4.06
56.772,3.78
56.78,4.59
56.788,6.06
56.796,7.72
56.804,9.31
56.812,10.41
56.82,10.22
56.828,8.38
56.836,5.47
56.844,2.63
56.852,0.66
56.86,-0.88
56.868,-2.63
56.876,-4.25
56.884,-4.41
56.892,-2.44
56.9,0.53
56.908,2.5
56.918,2.16
56.925,-0.88
56.933,-4.91
56.941,-5.31
56.949,5.16
56.957,30.22
56.965,58.47
56.973,63.22
56.981,25.19
56.989,-41.25
56.997,-93.69
57.005,-97.25
57.013,-53.59
57.021,3.59
57.029,38.47
57.037,37.88
57.045,13.75
57.053,-10.59
57.061,-17.78
57.069,-6.47
57.077,11.5
57.085,22.41
57.093,20.84
57.101,11.81
57.109,3.72
57.117,1.63
57.125,4.66
57.133,8.72
57.141,10.25
57.149,8.75
57.157,6.09
57.165,5.06
57.173,6.41
57.181,8.25
57.189,7.44
57.197,2.41
57.211,-4.91
57.218,-10.88
57.226,-13.72
57.234,-14.47
57.234,-15.44
57.242,-16.31
57.25,-15.25
57.258,-10.97
57.266,-4.63
57.274,0.5
57.282,2.59
57.29,2.09
57.298,1.03
57.306,0.75
57.314,1.44
57.322,2.03
57.33,1.84
57.338,1.37
57.346,1.63
57.362,2.5
57.37,2.84
57.378,2.28
57.386,1.84
57.394,2.69
57.402,4.44
57.41,5.41
57.418,4.72
57.426,2.97
57.426,1.16
57.434,-0.16
57.442,-0.22
57.458,2.03
57.458,5.88
57.466,8.81
57.474,8.78
57.482,6.16
57.49,3.0
57.506,0.28
57.506,-1.81
57.514,-3.56
57.53,-5.03
57.538,-6.31
57.546,-7.06
57.554,-7.16
57.562,-6.59
57.57,-5.84
57.578,-5.44
57.586,-5.53
57.594,-5.53
57.602,-4.41
57.61,-0.28
57.61,9.84
57.618,28.91
57.634,52.47
57.634,61.84
57.642,37.16
57.658,-17.19
57.658,-68.12
57.666,-82.62
57.682,-54.81
57.682,-7.91
57.69,27.31
57.706,34.34
57.714,19.34
57.722,0.0
57.73,-8.34
57.739,-2.5
57.747,10.0
57.756,18.16
57.758,16.66
57.768,8.63
57.775,1.72
57.783,0.63
57.791,3.75
57.799,6.47
57.807,6.59
57.815,5.28
57.823,4.56
57.831,5.16
57.839,6.22
57.847,6.53
57.855,5.81
57.863,4.47
57.871,1.69
57.879,-3.31
57.887,-9.75
57.895,-14.44
57.903,-14.81
57.911,-11.06
57.927,-5.88
57.935,-1.69
57.943,0.78
57.943,1.31
57.951,0.09
57.959,-1.69
57.967,-2.22
57.975,-0.12
57.983,3.81
57.991,6.97
57.999,7.06
58.007,4.44
58.015,1.81
58.023,1.69
58.031,3.5
58.039,4.56
58.047,3.63
58.055,1.31
58.063,-1.16
58.071,-2.44
58.079,-2.28
58.087,-1.03
58.095,0.78
58.103,2.44
58.111,3.09
58.119,2.31
58.127,0.44
58.135,-1.53
58.143,-2.47
58.151,-1.56
58.159,1.63
58.167,5.31
58.175,6.31
58.183,3.19
58.191,-2.44
58.199,-6.81
58.207,-6.88
58.215,-2.5
58.223,3.47
58.231,7.56
58.239,7.84
58.247,5.53
58.255,3.63
58.264,3.38
58.271,5.34
58.281,13.34
58.289,32.16
58.297,54.34
58.305,57.0
58.313,23.44
58.321,-32.78
58.329,-75.06
58.337,-75.56
58.345,-38.0
58.353,8.25
58.361,33.13
58.369,27.84
58.377,5.44
58.385,-14.81
58.393,-21.16
58.401,-14.13
58.409,-1.66
58.417,7.19
58.425,7.81
58.433,2.19
58.441,-3.47
58.449,-5.09
58.457,-4.13
58.466,-3.97
58.474,-5.97
58.482,-7.94
58.49,-6.63
58.498,-1.37
58.506,4.06
58.514,5.97
58.522,3.66
58.53,-0.41
58.538,-3.91
58.546,-6.78
58.546,-9.72
58.562,-12.75
58.562,-14.03
58.578,-12.0
58.586,-7.5
58.594,-3.47
58.602,-1.97
58.61,-2.53
58.618,-2.69
58.626,-1.03
58.634,1.16
58.642,1.97
58.65,1.19
58.658,-0.22
58.666,-1.44
58.674,-1.75
58.682,0.09
58.69,3.81
58.698,7.22
58.706,8.34
58.714,7.19
58.722,5.66
58.73,6.09
58.73,8.81
58.738,11.66
58.746,12.19
58.762,10.16
58.77,8.16
58.778,7.81
58.786,8.41
58.796,8.44
58.803,7.66
58.811,6.44
58.815,4.34
58.823,0.69
58.831,-4.25
58.839,-8.63
58.847,-10.84
58.855,-10.59
58.863,-8.47
58.871,-5.47
58.879,-3.22
58.887,-2.97
58.895,-3.81
58.903,-2.97
58.911,0.94
58.919,8.16
58.927,19.94
58.935,37.75
58.943,54.88
58.951,52.56
58.959,18.25
58.967,-33.41
58.975,-68.12
58.983,-62.88
58.991,-23.91
58.999,20.34
59.007,43.25
59.015,37.84
59.023,16.47
59.031,-2.81
59.039,-8.91
59.047,-2.0
59.055,10.16
59.063,18.19
59.071,17.59
59.079,10.16
59.087,1.44
59.095,-2.81
59.103,-0.47
59.111,5.47
59.119,10.59
59.127,12.25
59.135,10.63
59.143,6.38
59.151,1.03
59.159,-4.31
59.167,-8.78
59.175,-11.97
59.183,-13.25
59.191,-12.63
59.199,-10.97
59.207,-9.72
59.215,-9.88
59.223,-11.19
59.231,-12.22
59.239,-11.5
59.247,-9.41
59.255,-7.09
59.263,-5.34
59.271,-4.06
59.287,-2.56
59.295,-1.03
59.295,-0.03
59.303,-0.78
59.311,-2.81
59.32,-3.72
59.331,-2.41
59.339,-0.25
59.343,1.34
59.351,2.22
59.359,2.81
59.367,2.81
59.375,1.34
59.383,-2.0
59.391,-4.94
59.399,-4.66
59.407,-0.97
59.415,2.66
59.423,3.69
59.431,2.72
59.439,2.09
59.455,3.22
59.455,5.63
59.463,7.28
59.479,6.38
59.487,3.47
59.487,0.75
59.495,0.47
59.503,1.69
59.511,2.28
59.519,1.94
59.527,2.34
59.535,4.47
59.543,7.31
59.551,8.44
59.559,6.63
59.567,3.38
59.575,3.13
59.583,10.94
59.591,29.59
59.607,51.69
59.607,56.72
59.615,26.75
59.631,-28.81
59.639,-74.81
59.647,-80.81
59.655,-46.97
59.663,-1.22
59.671,26.44
59.679,25.59
59.679,8.03
59.687,-8.06
59.695,-12.69
59.703,-7.19
59.711,1.47
59.719,7.75
59.727,9.31
59.735,7.28
59.743,5.06
59.759,5.13
59.759,7.44
59.767,9.63
59.783,9.47
59.783,7.06
59.791,4.66
59.807,4.72
59.815,5.91
59.823,5.31
59.831,1.78
59.839,-3.66
59.848,-9.13
59.857,-13.91
59.864,-17.5
59.87,-19.91
59.87,-20.41
59.886,-18.09
59.894,-13.09
59.894,-6.97
59.91,-1.94
59.91,0.28
59.918,-0.66
59.934,-3.38
59.942,-5.47
59.95,-4.94
59.958,-1.94
59.966,1.12
59.974,0.66
59.982,-4.03
59.99,-9.56
59.998,-10.75
60.006,-5.69
60.014,2.25
60.022,8.5
60.03,11.31
60.038,11.5
60.046,9.94
60.046,7.16
60.062,4.25
60.062,2.72
60.07,3.34
60.086,5.47
60.086,6.75
60.102,5.84
60.11,3.41
60.118,1.25
60.126,1.75
60.134,5.59
60.142,10.19
60.15,11.38
60.158,7.34
60.166,0.72
60.174,-3.94
60.182,-3.97
60.19,-0.06
60.198,4.03
60.206,5.34
60.214,4.25
60.222,2.97
60.23,2.75
60.238,2.88
60.238,3.16
60.246,4.31
60.262,9.84
60.262,24.5
60.278,46.63
60.286,58.69
60.294,38.09
60.302,-15.13
60.31,-69.69
60.318,-89.19
60.326,-63.28
60.334,-14.5
60.342,23.47
60.35,32.28
60.358,17.25
60.366,-2.91
60.375,-13.69
60.383,-12.03
60.388,-3.47
60.396,5.03
60.404,8.44
60.412,5.91
60.42,1.22
60.428,-1.19
60.436,0.53
60.444,4.66
60.452,8.53
60.46,11.0
60.468,12.28
60.476,13.06
60.484,13.44
60.492,12.34
60.5,8.5
60.508,2.13
60.516,-5.78
60.524,-13.16
60.532,-17.53
60.54,-17.28
60.548,-13.13
60.556,-8.03
60.564,-5.34
60.572,-6.31
60.58,-8.72
60.588,-9.78
60.596,-8.09
60.604,-4.53
60.612,-0.69
60.62,1.63
60.628,1.81
60.636,1.16
60.644,2.44
60.652,6.0
60.66,9.72
60.668,10.81
60.676,8.97
60.684,5.28
60.692,1.72
60.7,-0.88
60.708,-2.31
60.716,-2.41
60.724,-1.12
60.732,0.72
60.74,2.09
60.748,2.72
60.756,3.28
60.764,3.66
60.772,3.66
60.78,3.06
60.788,1.44
60.796,-0.5
60.804,-1.69
60.812,-1.37
60.82,0.31
60.828,3.47
60.836,7.19
60.844,9.56
60.852,9.16
60.86,6.88
60.868,4.63
60.876,3.41
60.884,2.5
60.892,1.12
60.901,0.12
60.911,0.5
60.92,2.31
60.928,4.28
60.936,4.63
60.944,2.28
60.952,-1.88
60.96,-5.22
60.968,-5.81
60.976,-2.88
60.984,6.16
60.984,25.34
60.992,48.88
61.0,55.0
61.008,24.03
61.016,-34.25
61.032,-81.69
61.032,-85.28
61.04,-45.09
61.056,7.72
61.064,39.03
61.072,36.63
61.08,12.97
61.088,-10.31
61.096,-18.87
61.104,-12.06
61.112,0.81
61.12,9.84
61.128,11.06
61.136,7.44
61.144,4.19
61.152,4.44
61.16,6.94
61.168,8.84
61.176,8.28
61.184,5.94
61.192,3.56
61.192,3.16
61.208,4.91
61.208,6.41
61.216,4.88
61.232,-0.59
61.24,-7.13
61.248,-11.41
61.256,-12.09
61.264,-10.31
61.272,-7.22
61.28,-4.13
61.288,-2.03
61.296,-1.41
61.304,-1.5
61.312,-1.12
61.32,0.06
61.328,1.12
61.336,0.81
61.344,-0.75
61.352,-2.06
61.36,-1.66
61.36,0.34
61.368,2.91
61.384,4.75
61.384,5.53
61.392,5.09
61.408,4.34
61.416,3.75
61.424,3.59
61.434,3.44
61.434,3.13
61.445,1.97
61.454,-0.19
61.462,-2.22
61.47,-3.38
61.478,-4.13
61.486,-4.56
61.494,-3.44
61.502,-0.5
61.51,2.16
61.518,2.59
61.526,1.63
61.534,1.59
61.542,2.88
61.55,4.0
61.558,3.94
61.566,2.63
61.574,0.75
61.582,-0.94
61.59,-1.63
61.598,-2.06
61.606,-3.19
61.614,-4.97
61.622,-5.53
61.63,-4.38
61.638,-3.25
61.646,-2.84
61.654,-2.03
61.662,-0.03
61.67,2.53
61.678,6.5
61.686,16.78
61.694,36.44
61.702,53.5
61.71,44.78
61.718,1.5
61.726,-53.25
61.734,-81.94
61.742,-65.87
61.75,-19.44
61.758,24.75
61.766,41.69
61.774,29.56
61.782,5.13
61.79,-12.53
61.798,-15.0
61.806,-6.09
61.814,5.88
61.822,14.38
61.83,16.53
61.838,12.53
61.846,5.53
61.854,0.53
61.862,1.34
61.87,7.16
61.878,12.75
61.886,13.41
61.894,9.19
61.902,4.53
61.91,2.47
61.918,1.44
61.926,-1.72
61.934,-7.44
61.942,-12.78
61.95,-14.97
61.958,-13.78
61.967,-11.06
61.977,-9.13
61.985,-8.84
61.993,-8.72
62.001,-8.09
62.009,-7.25
62.017,-6.06
62.025,-4.03
62.033,-1.06
62.041,1.06
62.049,1.5
62.057,1.47
62.066,2.03
62.074,2.91
62.082,3.63
62.09,3.84
62.098,3.28
62.106,2.13
62.114,1.28
62.114,0.66
62.122,-0.03
62.138,-1.0
62.138,-1.31
62.146,-0.53
62.162,1.25
62.17,3.22
62.178,4.0
62.186,3.63
62.194,3.5
62.202,4.34
62.21,5.06
62.218,4.31
62.226,3.59
62.234,4.91
62.242,7.09
62.25,6.84
62.258,2.81
62.266,-2.94
62.274,-7.09
62.282,-8.25
62.29,-7.09
62.298,-4.56
62.298,-1.22
62.314,1.97
62.322,3.94
62.33,4.56
62.338,3.69
62.346,1.5
62.354,-0.34
62.362,2.94
62.37,18.22
62.378,43.19
62.386,58.0
62.394,39.34
62.402,-11.22
62.41,-61.47
62.418,-76.62
62.426,-49.75
62.434,-4.75
62.442,26.94
62.45,30.53
62.458,13.91
62.467,-4.22
62.475,-10.13
62.484,-3.47
62.484,7.22
62.495,13.84
62.503,13.28
62.511,7.41
62.519,1.16
62.527,-0.69
62.535,2.88
62.543,8.66
62.551,11.78
62.559,10.16
62.567,6.25
62.575,4.28
62.583,4.78
62.591,5.09
62.599,3.28
62.607,-0.25
62.615,-4.03
62.623,-6.97
62.631,-9.16
62.639,-11.47
62.647,-14.16
62.655,-15.75
62.663,-15.16
62.671,-12.13
62.679,-8.53
62.687,-6.0
62.695,-5.13
62.703,-5.22
62.711,-5.28
62.719,-4.19
62.727,-1.59
62.735,0.97
62.743,1.78
62.751,1.0
62.759,0.09
62.767,0.16
62.775,1.06
62.783,2.53
62.791,3.63
62.799,3.59
62.807,2.44
62.816,1.12
62.824,0.31
62.832,0.16
62.84,0.59
62.848,1.78
62.856,3.53
62.864,4.84
62.872,5.31
62.88,4.72
62.888,3.69
62.896,2.94
62.904,3.19
62.912,4.59
62.92,6.0
62.928,6.44
62.936,5.56
62.944,2.44
62.952,-3.16
62.96,-8.94
62.968,-11.06
62.976,-7.78
62.984,-1.75
62.992,2.53
63.017,2.66
63.018,0.5
63.023,-0.37
63.029,1.63
63.037,5.75
63.045,13.63
63.053,30.06
63.053,50.84
63.061,55.5
63.069,25.25
63.077,-30.22
63.085,-74.97
63.093,-78.06
